year,month,country_code,country_name_en,country_name_th,unit2th,quantity,acc_quantity,value_usd,acc_value_usd,value_baht,acc_value_baht
2017,1,CN,CHINA,จีน,เมตริกตัน,150820.18,150820.18,272060422.0,272060422.0,9698246701.0,9698246701.0
2017,1,MY,MALAYSIA,มาเลเซีย,เมตริกตัน,45562.94,45562.94,58590401.0,58590401.0,2088595454.0,2088595454.0
2017,1,JP,JAPAN,ญี่ปุ่น,เมตริกตัน,17349.24,17349.24,34470213.0,34470213.0,1228773478.0,1228773478.0
2017,1,US,U.S.A.,สหรัฐอเมริกา,เมตริกตัน,15175.17,15175.17,27765133.0,27765133.0,989754808.0,989754808.0
2017,1,KR,S. KOREA,เกาหลีใต้,เมตริกตัน,11895.26,11895.26,21042334.0,21042334.0,750104499.0,750104499.0
2017,1,BR,BRAZIL,บราซิล,เมตริกตัน,5756.38,5756.38,10288414.0,10288414.0,366755207.0,366755207.0
2017,1,IN,INDIA,อินเดีย,เมตริกตัน,4956.12,4956.12,9568051.0,9568051.0,341076142.0,341076142.0
2017,1,DE,GERMANY,เยอรมนี,เมตริกตัน,5152.94,5152.94,9434107.0,9434107.0,336301387.0,336301387.0
2017,1,FR,FRANCE,ฝรั่งเศส,เมตริกตัน,3870.84,3870.84,7517621.0,7517621.0,267983630.0,267983630.0
2017,1,ES,SPAIN,สเปน,เมตริกตัน,3559.44,3559.44,6837958.0,6837958.0,243755411.0,243755411.0
2017,1,IT,ITALY,อิตาลี,เมตริกตัน,3339.12,3339.12,6613972.0,6613972.0,235770898.0,235770898.0
2017,1,TW,TAIWAN,ไต้หวัน,เมตริกตัน,2989.43,2989.43,5864550.0,5864550.0,209055961.0,209055961.0
2017,1,TR,TURKEY,ตุรกี,เมตริกตัน,3278.07,3278.07,5675094.0,5675094.0,202302334.0,202302334.0
2017,1,NL,NETHERLANDS,เนเธอร์แลนด์,เมตริกตัน,2771.17,2771.17,5439465.0,5439465.0,193902775.0,193902775.0
2017,1,CA,CANADA,แคนาดา,เมตริกตัน,1893.44,1893.44,3778337.0,3778337.0,134687878.0,134687878.0
2017,1,IR,IRAN,อิหร่าน,เมตริกตัน,1864.92,1864.92,3385554.0,3385554.0,120686195.0,120686195.0
2017,1,VN,VIETNAM,เวียดนาม,เมตริกตัน,2044.73,2044.73,3202520.0,3202520.0,114161509.0,114161509.0
2017,1,PL,POLAND,โปแลนด์,เมตริกตัน,1293.4,1293.4,2486754.0,2486754.0,88646302.0,88646302.0
2017,1,SI,SLOVENIA,สโลวีเนีย,เมตริกตัน,1405.72,1405.72,2281540.0,2281540.0,81330976.0,81330976.0
2017,1,ID,INDONESIA,อินโดนีเซีย,เมตริกตัน,1594.7,1594.7,2086438.0,2086438.0,74376073.0,74376073.0
2017,1,LK,SRI LANKA,ศรีลังกา,เมตริกตัน,1126.88,1126.88,1933420.0,1933420.0,68921405.0,68921405.0
2017,1,BE,BELGIUM,เบลเยียม,เมตริกตัน,966.12,966.12,1857622.0,1857622.0,66219379.0,66219379.0
2017,1,PK,PAKISTAN,ปากีสถาน,เมตริกตัน,1359.0,1359.0,1849655.0,1849655.0,65935403.0,65935403.0
2017,1,LV,LATVIA,ลัตเวีย,เมตริกตัน,846.72,846.72,1566722.0,1566722.0,55849576.0,55849576.0
2017,1,HK,HONG KONG,ฮ่องกง,เมตริกตัน,652.58,652.58,1254024.0,1254024.0,44702694.0,44702694.0
2017,1,RU,RUSSIAN FEDERATION,รัสเซีย,เมตริกตัน,730.14,730.14,1237933.0,1237933.0,44129099.0,44129099.0
2017,1,GB,UNITED KINGDOM,สหราชอาณาจักร,เมตริกตัน,632.52,632.52,1071351.0,1071351.0,38190869.0,38190869.0
2017,1,BG,BULGARIA,บัลแกเรีย,เมตริกตัน,521.64,521.64,941538.0,941538.0,33563387.0,33563387.0
2017,1,SG,SINGAPORE,สิงคโปร์,เมตริกตัน,429.26,429.26,930674.0,930674.0,33176124.0,33176124.0
2017,1,RO,ROMANIA,โรมาเนีย,เมตริกตัน,400.36,400.36,752470.0,752470.0,26823587.0,26823587.0
2017,1,EG,EGYPT,อียิปต์,เมตริกตัน,382.26,382.26,696632.0,696632.0,24833109.0,24833109.0
2017,1,MX,MEXICO,เม็กซิโก,เมตริกตัน,387.72,387.72,626587.0,626587.0,22336195.0,22336195.0
2017,1,ZA,SOUTH AFRICA,แอฟริกาใต้,เมตริกตัน,344.53,344.53,600852.0,600852.0,21418818.0,21418818.0
2017,1,PH,PHILIPPINES,ฟิลิปปินส์,เมตริกตัน,213.25,213.25,435766.0,435766.0,15533927.0,15533927.0
2017,1,AE,U. ARAB EMIRATES,สหรัฐอาหรับเอมิเรตส์,เมตริกตัน,252.02,252.02,390185.0,390185.0,13909097.0,13909097.0
2017,1,SK,SLOVAK,สโลวัก,เมตริกตัน,201.6,201.6,316512.0,316512.0,11282829.0,11282829.0
2017,1,AR,ARGENTINA,อาร์เจนตินา,เมตริกตัน,150.86,150.86,247151.0,247151.0,8810300.0,8810300.0
2017,1,KE,KENYA,เคนยา,เมตริกตัน,136.4,136.4,184126.0,184126.0,6563597.0,6563597.0
2017,1,KH,CAMBODIA,กัมพูชา,เมตริกตัน,114.8,114.8,153819.0,153819.0,5483236.0,5483236.0
2017,1,GR,GREECE,กรีซ,เมตริกตัน,40.16,40.16,73574.0,73574.0,2622721.0,2622721.0
2017,1,BD,BANGLADESH,บังกลาเทศ,เมตริกตัน,33.83,33.83,53211.0,53211.0,1896839.0,1896839.0
2017,1,CO,COLOMBIA,โคลัมเบีย,เมตริกตัน,19.2,19.2,49056.0,49056.0,1748718.0,1748718.0
2017,1,PE,PERU,เปรู,เมตริกตัน,20.16,20.16,46267.0,46267.0,1649305.0,1649305.0
2017,1,ET,ETHIOPIA,เอธิโอเปีย,เมตริกตัน,16.4,16.4,23708.0,23708.0,845142.0,845142.0
2017,1,DO,DOMINICAN REPUBLIC,สาธารณรัฐโดมินิกัน,เมตริกตัน,16.4,16.4,22305.0,22305.0,795107.0,795107.0
2017,1,ME,MONTENEGRO,มอนเตเนโกร,เมตริกตัน,16.4,16.4,22054.0,22054.0,786167.0,786167.0
2017,1,HU,HUNGARY,ฮังการี,เมตริกตัน,14.76,14.76,21657.0,21657.0,772028.0,772028.0
2017,1,DZ,ALGERIA,แอลจีเรีย,เมตริกตัน,16.4,16.4,17222.0,17222.0,613906.0,613906.0
2017,1,LA,LAOS,ลาว,เมตริกตัน,2.71,2.71,6979.0,6979.0,248785.0,248785.0
2017,1,NZ,NEW ZEALAND,นิวซีแลนด์,เมตริกตัน,1.0,1.0,2505.0,2505.0,89296.0,89296.0
2017,1,UY,URUGUAY,อุรุกวัย,เมตริกตัน,0.0,0.0,1.0,1.0,35.0,35.0
2017,2,CN,CHINA,จีน,เมตริกตัน,166257.15,317077.32,317289091.0,589349513.0,11121014358.0,20819261059.0
2017,2,MY,MALAYSIA,มาเลเซีย,เมตริกตัน,45974.33,91537.26,64186352.0,122776752.0,2249738042.0,4338333496.0
2017,2,JP,JAPAN,ญี่ปุ่น,เมตริกตัน,18570.77,35920.01,42519000.0,76989213.0,1490295211.0,2719068689.0
2017,2,US,U.S.A.,สหรัฐอเมริกา,เมตริกตัน,16030.17,31205.34,34268698.0,62033831.0,1201121278.0,2190876086.0
2017,2,KR,S. KOREA,เกาหลีใต้,เมตริกตัน,9409.44,21304.7,19274328.0,40316662.0,675567118.0,1425671617.0
2017,2,BR,BRAZIL,บราซิล,เมตริกตัน,6342.44,12098.82,12899060.0,23187474.0,452113342.0,818868549.0
2017,2,IN,INDIA,อินเดีย,เมตริกตัน,4117.6,9073.72,8746349.0,18314400.0,306560409.0,647636551.0
2017,2,DE,GERMANY,เยอรมนี,เมตริกตัน,3868.1,9021.04,7951615.0,17385722.0,278704898.0,615006285.0
2017,2,FR,FRANCE,ฝรั่งเศส,เมตริกตัน,3806.12,7676.96,8184943.0,15702564.0,286883085.0,554866715.0
2017,2,ES,SPAIN,สเปน,เมตริกตัน,3524.42,7083.86,7902617.0,14740574.0,276987502.0,520742913.0
2017,2,IT,ITALY,อิตาลี,เมตริกตัน,3317.21,6656.33,7367658.0,13981630.0,258237141.0,494008039.0
2017,2,TR,TURKEY,ตุรกี,เมตริกตัน,3509.66,6787.73,7234854.0,12909948.0,253582362.0,455884696.0
2017,2,TW,TAIWAN,ไต้หวัน,เมตริกตัน,2663.85,5653.28,6064288.0,11928838.0,212553909.0,421609870.0
2017,2,NL,NETHERLANDS,เนเธอร์แลนด์,เมตริกตัน,2498.82,5269.99,5250722.0,10690187.0,184038324.0,377941099.0
2017,2,IR,IRAN,อิหร่าน,เมตริกตัน,2250.34,4115.26,4404203.0,7789757.0,154367744.0,275053939.0
2017,2,VN,VIETNAM,เวียดนาม,เมตริกตัน,2326.92,4371.65,3846719.0,7049239.0,134827899.0,248989408.0
2017,2,CA,CANADA,แคนาดา,เมตริกตัน,1078.51,2971.95,2518348.0,6296684.0,88268341.0,222956219.0
2017,2,SG,SINGAPORE,สิงคโปร์,เมตริกตัน,2280.0,2709.26,5057536.0,5988211.0,177267151.0,210443275.0
2017,2,SI,SLOVENIA,สโลวีเนีย,เมตริกตัน,1421.18,2826.9,2549360.0,4830900.0,89355309.0,170686285.0
2017,2,ID,INDONESIA,อินโดนีเซีย,เมตริกตัน,1452.5,3047.2,2306749.0,4393186.0,80851768.0,155227841.0
2017,2,BE,BELGIUM,เบลเยียม,เมตริกตัน,1124.1,2090.22,2289809.0,4147431.0,80258049.0,146477428.0
2017,2,PK,PAKISTAN,ปากีสถาน,เมตริกตัน,1308.2,2667.2,1994123.0,3843779.0,69894227.0,135829630.0
2017,2,PL,POLAND,โปแลนด์,เมตริกตัน,445.48,1738.88,970619.0,3457373.0,34020296.0,122666598.0
2017,2,LK,SRI LANKA,ศรีลังกา,เมตริกตัน,623.82,1750.7,1124658.0,3058078.0,39419376.0,108340781.0
2017,2,LV,LATVIA,ลัตเวีย,เมตริกตัน,604.8,1451.52,1335398.0,2902121.0,46805846.0,102655422.0
2017,2,RU,RUSSIAN FEDERATION,รัสเซีย,เมตริกตัน,610.34,1340.48,1171316.0,2409249.0,41054726.0,85183825.0
2017,2,HK,HONG KONG,ฮ่องกง,เมตริกตัน,593.6,1246.18,1151364.0,2405388.0,40355429.0,85058123.0
2017,2,GB,UNITED KINGDOM,สหราชอาณาจักร,เมตริกตัน,646.98,1279.5,1323781.0,2395131.0,46398642.0,84589511.0
2017,2,RO,ROMANIA,โรมาเนีย,เมตริกตัน,669.36,1069.72,1441322.0,2193792.0,50518487.0,77342074.0
2017,2,EG,EGYPT,อียิปต์,เมตริกตัน,462.75,845.01,838506.0,1535138.0,29389734.0,54222843.0
2017,2,PH,PHILIPPINES,ฟิลิปปินส์,เมตริกตัน,341.42,554.67,857512.0,1293278.0,30055875.0,45589802.0
2017,2,BG,BULGARIA,บัลแกเรีย,เมตริกตัน,113.4,635.04,248581.0,1190119.0,8712795.0,42276182.0
2017,2,ZA,SOUTH AFRICA,แอฟริกาใต้,เมตริกตัน,214.17,558.7,361011.0,961863.0,12653461.0,34072279.0
2017,2,MX,MEXICO,เม็กซิโก,เมตริกตัน,198.8,586.52,330688.0,957275.0,11590663.0,33926858.0
2017,2,AE,U. ARAB EMIRATES,สหรัฐอาหรับเอมิเรตส์,เมตริกตัน,318.32,570.34,541654.0,931839.0,18985027.0,32894124.0
2017,2,AR,ARGENTINA,อาร์เจนตินา,เมตริกตัน,278.54,429.4,544425.0,791576.0,19082157.0,27892457.0
2017,2,GR,GREECE,กรีซ,เมตริกตัน,120.96,161.12,342821.0,416395.0,12015901.0,14638622.0
2017,2,MM,MYANMAR,เมียนม่า,เมตริกตัน,200.09,200.09,362682.0,362682.0,12712030.0,12712030.0
2017,2,SK,SLOVAK,สโลวัก,เมตริกตัน,0.01,201.61,51.0,316563.0,1805.0,11284634.0
2017,2,KE,KENYA,เคนยา,เมตริกตัน,59.52,195.92,96046.0,280171.0,3366406.0,9930003.0
2017,2,PE,PERU,เปรู,เมตริกตัน,98.0,118.16,164340.0,210607.0,5760133.0,7409438.0
2017,2,KH,CAMBODIA,กัมพูชา,เมตริกตัน,0.0,114.8,0.0,153819.0,0.0,5483236.0
2017,2,BD,BANGLADESH,บังกลาเทศ,เมตริกตัน,49.2,83.03,66911.0,120122.0,2345249.0,4242088.0
2017,2,DZ,ALGERIA,แอลจีเรีย,เมตริกตัน,65.6,82.0,84048.0,101270.0,2945890.0,3559796.0
2017,2,NZ,NEW ZEALAND,นิวซีแลนด์,เมตริกตัน,48.8,49.8,86095.0,88600.0,3017651.0,3106947.0
2017,2,SY,SYRIA,ซีเรีย,เมตริกตัน,39.2,39.2,72957.0,72957.0,2557157.0,2557157.0
2017,2,CO,COLOMBIA,โคลัมเบีย,เมตริกตัน,0.0,19.2,0.0,49056.0,0.0,1748718.0
2017,2,PT,PORTUGAL,โปรตุเกส,เมตริกตัน,20.0,20.0,34270.0,34270.0,1201166.0,1201166.0
2017,2,SD,SUDAN,ซูดาน,เมตริกตัน,16.4,16.4,25748.0,25748.0,902469.0,902469.0
2017,2,ET,ETHIOPIA,เอธิโอเปีย,เมตริกตัน,0.0,16.4,0.0,23708.0,0.0,845142.0
2017,2,DO,DOMINICAN REPUBLIC,สาธารณรัฐโดมินิกัน,เมตริกตัน,0.0,16.4,0.0,22305.0,0.0,795107.0
2017,2,ME,MONTENEGRO,มอนเตเนโกร,เมตริกตัน,0.0,16.4,0.0,22054.0,0.0,786167.0
2017,2,HU,HUNGARY,ฮังการี,เมตริกตัน,0.0,14.76,0.0,21657.0,0.0,772028.0
2017,2,LA,LAOS,ลาว,เมตริกตัน,1.48,4.18,4433.0,11412.0,155375.0,404160.0
2017,2,UY,URUGUAY,อุรุกวัย,เมตริกตัน,0.0,0.0,0.0,1.0,0.0,35.0
2017,3,CN,CHINA,จีน,เมตริกตัน,176073.21,493150.53,357744219.0,947093732.0,12434652432.0,33253913491.0
2017,3,MY,MALAYSIA,มาเลเซีย,เมตริกตัน,51426.23,142963.5,80644940.0,203421693.0,2803097159.0,7141430655.0
2017,3,JP,JAPAN,ญี่ปุ่น,เมตริกตัน,21470.02,57390.03,54859574.0,131848788.0,1906836511.0,4625905200.0
2017,3,US,U.S.A.,สหรัฐอเมริกา,เมตริกตัน,16229.85,47435.19,38724391.0,100758222.0,1346001761.0,3536877847.0
2017,3,KR,S. KOREA,เกาหลีใต้,เมตริกตัน,13338.24,34642.94,29311248.0,69627910.0,1018815020.0,2444486637.0
2017,3,BR,BRAZIL,บราซิล,เมตริกตัน,7904.98,20003.8,17499842.0,40687316.0,608268260.0,1427136809.0
2017,3,IN,INDIA,อินเดีย,เมตริกตัน,5597.92,14671.64,12804733.0,31119133.0,445073312.0,1092709863.0
2017,3,DE,GERMANY,เยอรมนี,เมตริกตัน,5460.46,14481.5,11639143.0,29024864.0,404559136.0,1019565421.0
2017,3,FR,FRANCE,ฝรั่งเศส,เมตริกตัน,3883.54,11560.5,9422704.0,25125268.0,327519072.0,882385787.0
2017,3,ES,SPAIN,สเปน,เมตริกตัน,3482.68,10566.54,8842184.0,23582758.0,307341051.0,828083964.0
2017,3,TR,TURKEY,ตุรกี,เมตริกตัน,4388.21,11175.94,9618660.0,22528608.0,334330199.0,790214895.0
2017,3,IT,ITALY,อิตาลี,เมตริกตัน,3040.86,9697.19,7915564.0,21897193.0,275133126.0,769141165.0
2017,3,TW,TAIWAN,ไต้หวัน,เมตริกตัน,3118.04,8771.32,7697557.0,19626395.0,267555521.0,689165391.0
2017,3,NL,NETHERLANDS,เนเธอร์แลนด์,เมตริกตัน,3166.45,8436.44,7772564.0,18462751.0,270162669.0,648103768.0
2017,3,VN,VIETNAM,เวียดนาม,เมตริกตัน,4049.98,8421.63,8545110.0,15594349.0,297015204.0,546004612.0
2017,3,CA,CANADA,แคนาดา,เมตริกตัน,2132.0,5103.95,5378133.0,11674817.0,186935819.0,409892038.0
2017,3,IR,IRAN,อิหร่าน,เมตริกตัน,1612.96,5728.22,3518755.0,11308512.0,122306663.0,397360602.0
2017,3,SG,SINGAPORE,สิงคโปร์,เมตริกตัน,700.0,3409.27,1592661.0,7580872.0,55358506.0,265801781.0
2017,3,SI,SLOVENIA,สโลวีเนีย,เมตริกตัน,1146.28,3973.18,2303610.0,7134509.0,80070014.0,250756299.0
2017,3,ID,INDONESIA,อินโดนีเซีย,เมตริกตัน,1604.4,4651.6,2396088.0,6789274.0,83284434.0,238512275.0
2017,3,BE,BELGIUM,เบลเยียม,เมตริกตัน,1278.5,3368.72,2343337.0,6490768.0,81450864.0,227928292.0
2017,3,PL,POLAND,โปแลนด์,เมตริกตัน,1160.54,2899.42,2961116.0,6418488.0,102923937.0,225590535.0
2017,3,PK,PAKISTAN,ปากีสถาน,เมตริกตัน,814.8,3482.0,1312948.0,5156726.0,45636086.0,181465716.0
2017,3,LV,LATVIA,ลัตเวีย,เมตริกตัน,866.88,2318.4,1975519.0,4877639.0,68666066.0,171321488.0
2017,3,RO,ROMANIA,โรมาเนีย,เมตริกตัน,881.68,1951.4,2016027.0,4209819.0,70074070.0,147416144.0
2017,3,RU,RUSSIAN FEDERATION,รัสเซีย,เมตริกตัน,854.62,2195.1,1670589.0,4079838.0,58067168.0,143250993.0
2017,3,LK,SRI LANKA,ศรีลังกา,เมตริกตัน,321.6,2072.3,676283.0,3734361.0,23506569.0,131847350.0
2017,3,EG,EGYPT,อียิปต์,เมตริกตัน,1017.82,1862.83,2136932.0,3672070.0,74276556.0,128499399.0
2017,3,GB,UNITED KINGDOM,สหราชอาณาจักร,เมตริกตัน,387.6,1667.1,862407.0,3257538.0,29975963.0,114565474.0
2017,3,PH,PHILIPPINES,ฟิลิปปินส์,เมตริกตัน,722.0,1276.67,1792531.0,3085809.0,62305704.0,107895506.0
2017,3,HK,HONG KONG,ฮ่องกง,เมตริกตัน,324.6,1570.78,595045.0,3000433.0,20682867.0,105740990.0
2017,3,MX,MEXICO,เม็กซิโก,เมตริกตัน,940.36,1526.88,1963005.0,2920280.0,68231106.0,102157964.0
2017,3,BG,BULGARIA,บัลแกเรีย,เมตริกตัน,612.36,1247.4,1377658.0,2567777.0,47885310.0,90161492.0
2017,3,ZA,SOUTH AFRICA,แอฟริกาใต้,เมตริกตัน,344.76,903.46,762247.0,1724110.0,26494561.0,60566840.0
2017,3,AR,ARGENTINA,อาร์เจนตินา,เมตริกตัน,136.03,565.43,262254.0,1053831.0,9115562.0,37008019.0
2017,3,AE,U. ARAB EMIRATES,สหรัฐอาหรับเอมิเรตส์,เมตริกตัน,0.0,570.34,0.0,931839.0,0.0,32894124.0
2017,3,GR,GREECE,กรีซ,เมตริกตัน,161.28,322.4,414086.0,830481.0,14393017.0,29031639.0
2017,3,MM,MYANMAR,เมียนม่า,เมตริกตัน,153.4,353.49,275666.0,638347.0,9581725.0,22293755.0
2017,3,PE,PERU,เปรู,เมตริกตัน,155.12,273.28,323892.0,534499.0,11257998.0,18667436.0
2017,3,SK,SLOVAK,สโลวัก,เมตริกตัน,80.64,282.25,190310.0,506874.0,6614904.0,17899538.0
2017,3,SY,SYRIA,ซีเรีย,เมตริกตัน,152.0,191.2,284062.0,357019.0,9873553.0,12430710.0
2017,3,KE,KENYA,เคนยา,เมตริกตัน,20.0,215.92,37400.0,317571.0,1299967.0,11229970.0
2017,3,KH,CAMBODIA,กัมพูชา,เมตริกตัน,98.4,213.2,137287.0,291106.0,4771895.0,10255131.0
2017,3,BD,BANGLADESH,บังกลาเทศ,เมตริกตัน,56.4,139.43,125692.0,245814.0,4368857.0,8610945.0
2017,3,DZ,ALGERIA,แอลจีเรีย,เมตริกตัน,82.0,164.0,136940.0,238210.0,4759828.0,8319624.0
2017,3,IE,IRELAND,ไอร์แลนด์,เมตริกตัน,80.0,80.0,211480.0,211480.0,7350744.0,7350744.0
2017,3,EC,ECUADOR,เอกวาดอร์,เมตริกตัน,80.64,80.64,175641.0,175641.0,6105034.0,6105034.0
2017,3,CU,CUBA,คิวบา,เมตริกตัน,80.0,80.0,130791.0,130791.0,4546100.0,4546100.0
2017,3,NZ,NEW ZEALAND,นิวซีแลนด์,เมตริกตัน,0.0,49.8,0.0,88600.0,0.0,3106947.0
2017,3,LA,LAOS,ลาว,เมตริกตัน,32.2,36.38,64364.0,75776.0,2237185.0,2641345.0
2017,3,HU,HUNGARY,ฮังการี,เมตริกตัน,29.52,44.28,45540.0,67198.0,1582919.0,2354947.0
2017,3,DO,DOMINICAN REPUBLIC,สาธารณรัฐโดมินิกัน,เมตริกตัน,16.4,32.8,30824.0,53129.0,1071399.0,1866506.0
2017,3,CO,COLOMBIA,โคลัมเบีย,เมตริกตัน,0.0,19.2,0.0,49056.0,0.0,1748718.0
2017,3,CZ,CZECH REPUBLIC,สาธารณรัฐเช็ก,เมตริกตัน,21.5,21.5,36378.0,36378.0,1264444.0,1264444.0
2017,3,HR,CROATIA,โครเอเชีย,เมตริกตัน,19.2,19.2,35535.0,35535.0,1235131.0,1235131.0
2017,3,PT,PORTUGAL,โปรตุเกส,เมตริกตัน,0.0,20.0,0.0,34270.0,0.0,1201166.0
2017,3,UY,URUGUAY,อุรุกวัย,เมตริกตัน,20.0,20.0,31214.0,31215.0,1084951.0,1084986.0
2017,3,RS,REPUBLIC OF SERBIA,เซอร์เบีย,เมตริกตัน,16.4,16.4,29270.0,29270.0,1017381.0,1017381.0
2017,3,AU,AUSTRALIA,ออสเตรเลีย,เมตริกตัน,16.4,16.4,27510.0,27510.0,956222.0,956222.0
2017,3,SD,SUDAN,ซูดาน,เมตริกตัน,0.0,16.4,0.0,25748.0,0.0,902469.0
2017,4,CN,CHINA,จีน,เมตริกตัน,133057.51,626208.04,268659286.0,1215753017.0,9267133395.0,42521046886.0
2017,4,MY,MALAYSIA,มาเลเซีย,เมตริกตัน,42381.37,185344.86,65168338.0,268590031.0,2247916643.0,9389347298.0
2017,4,JP,JAPAN,ญี่ปุ่น,เมตริกตัน,15881.99,73272.02,39760639.0,171609427.0,1371503488.0,5997408688.0
2017,4,US,U.S.A.,สหรัฐอเมริกา,เมตริกตัน,14008.83,61444.03,31829466.0,132587689.0,1097925610.0,4634803457.0
2017,4,KR,S. KOREA,เกาหลีใต้,เมตริกตัน,11050.7,45693.64,22988442.0,92616352.0,792963333.0,3237449970.0
2017,4,BR,BRAZIL,บราซิล,เมตริกตัน,5463.82,25467.62,12101188.0,52788504.0,417418380.0,1844555189.0
2017,4,IN,INDIA,อินเดีย,เมตริกตัน,5234.43,19906.07,11681537.0,42800670.0,402942928.0,1495652791.0
2017,4,DE,GERMANY,เยอรมนี,เมตริกตัน,4184.64,18666.14,8431759.0,37456623.0,290845091.0,1310410512.0
2017,4,FR,FRANCE,ฝรั่งเศส,เมตริกตัน,3169.24,14729.74,7536401.0,32661669.0,259960603.0,1142346390.0
2017,4,TR,TURKEY,ตุรกี,เมตริกตัน,3615.92,14791.86,7614066.0,30142674.0,262639592.0,1052854487.0
2017,4,IT,ITALY,อิตาลี,เมตริกตัน,3319.72,13016.91,7465631.0,29362825.0,257519485.0,1026660650.0
2017,4,ES,SPAIN,สเปน,เมตริกตัน,2156.6,12723.14,4963603.0,28546361.0,171214519.0,999298483.0
2017,4,TW,TAIWAN,ไต้หวัน,เมตริกตัน,1851.37,10622.68,4281189.0,23907584.0,147675347.0,836840738.0
2017,4,NL,NETHERLANDS,เนเธอร์แลนด์,เมตริกตัน,2532.48,10968.92,5409454.0,23872204.0,186593698.0,834697466.0
2017,4,VN,VIETNAM,เวียดนาม,เมตริกตัน,3656.68,12078.31,7890676.0,23485025.0,272180975.0,818185587.0
2017,4,CA,CANADA,แคนาดา,เมตริกตัน,1254.4,6358.35,2905742.0,14580559.0,100230675.0,510122713.0
2017,4,IR,IRAN,อิหร่าน,เมตริกตัน,957.8,6686.02,1739091.0,13047603.0,59988206.0,457348808.0
2017,4,SI,SLOVENIA,สโลวีเนีย,เมตริกตัน,1801.62,5774.8,3555623.0,10690132.0,122647658.0,373403957.0
2017,4,PL,POLAND,โปแลนด์,เมตริกตัน,1279.2,4178.62,3264685.0,9683173.0,112612045.0,338202580.0
2017,4,ID,INDONESIA,อินโดนีเซีย,เมตริกตัน,1317.4,5969.0,2066514.0,8855788.0,71282327.0,309794602.0
2017,4,SG,SINGAPORE,สิงคโปร์,เมตริกตัน,258.53,3667.79,557110.0,8137982.0,19216953.0,285018734.0
2017,4,BE,BELGIUM,เบลเยียม,เมตริกตัน,626.22,3994.94,1376830.0,7867597.0,47492360.0,275420652.0
2017,4,RU,RUSSIAN FEDERATION,รัสเซีย,เมตริกตัน,1428.85,3623.95,2835719.0,6915557.0,97815299.0,241066292.0
2017,4,RO,ROMANIA,โรมาเนีย,เมตริกตัน,1153.84,3105.24,2461048.0,6670867.0,84891406.0,232307550.0
2017,4,PK,PAKISTAN,ปากีสถาน,เมตริกตัน,734.4,4216.4,1176309.0,6333035.0,40575594.0,222041310.0
2017,4,LV,LATVIA,ลัตเวีย,เมตริกตัน,443.52,2761.92,889942.0,5767581.0,30697659.0,202019147.0
2017,4,LK,SRI LANKA,ศรีลังกา,เมตริกตัน,782.76,2855.06,1530279.0,5264640.0,52785439.0,184632789.0
2017,4,EG,EGYPT,อียิปต์,เมตริกตัน,732.34,2595.17,1572679.0,5244749.0,54247997.0,182747396.0
2017,4,GB,UNITED KINGDOM,สหราชอาณาจักร,เมตริกตัน,687.94,2355.04,1296391.0,4553929.0,44717707.0,159283181.0
2017,4,PH,PHILIPPINES,ฟิลิปปินส์,เมตริกตัน,523.48,1800.15,1253594.0,4339404.0,43241482.0,151136988.0
2017,4,MX,MEXICO,เม็กซิโก,เมตริกตัน,682.8,2209.68,1255315.0,4175595.0,43300825.0,145458789.0
2017,4,BG,BULGARIA,บัลแกเรีย,เมตริกตัน,748.44,1995.84,1492337.0,4060114.0,51476665.0,141638157.0
2017,4,HK,HONG KONG,ฮ่องกง,เมตริกตัน,77.4,1648.18,141793.0,3142226.0,4890993.0,110631983.0
2017,4,ZA,SOUTH AFRICA,แอฟริกาใต้,เมตริกตัน,206.64,1110.1,464312.0,2188421.0,16015961.0,76582801.0
2017,4,SK,SLOVAK,สโลวัก,เมตริกตัน,342.72,624.97,767225.0,1274098.0,26464646.0,44364184.0
2017,4,AR,ARGENTINA,อาร์เจนตินา,เมตริกตัน,114.78,680.21,209390.0,1263220.0,7222682.0,44230701.0
2017,4,GR,GREECE,กรีซ,เมตริกตัน,100.8,423.2,231134.0,1061615.0,7972746.0,37004385.0
2017,4,AE,U. ARAB EMIRATES,สหรัฐอาหรับเอมิเรตส์,เมตริกตัน,0.0,570.34,0.0,931839.0,0.0,32894124.0
2017,4,ET,ETHIOPIA,เอธิโอเปีย,เมตริกตัน,326.4,342.8,752060.0,775769.0,25941570.0,26786712.0
2017,4,MM,MYANMAR,เมียนม่า,เมตริกตัน,30.0,383.49,49574.0,687921.0,1710000.0,24003755.0
2017,4,KH,CAMBODIA,กัมพูชา,เมตริกตัน,207.87,421.07,339420.0,630525.0,11707941.0,21963072.0
2017,4,KE,KENYA,เคนยา,เมตริกตัน,154.29,370.21,282693.0,600264.0,9751206.0,20981176.0
2017,4,PE,PERU,เปรู,เมตริกตัน,0.0,273.28,0.0,534499.0,0.0,18667436.0
2017,4,HU,HUNGARY,ฮังการี,เมตริกตัน,201.6,245.88,468676.0,535874.0,16166509.0,18521456.0
2017,4,SY,SYRIA,ซีเรีย,เมตริกตัน,39.2,230.4,63628.0,420646.0,2194770.0,14625480.0
2017,4,LA,LAOS,ลาว,เมตริกตัน,221.85,258.22,277446.0,353222.0,9570225.0,12211570.0
2017,4,IE,IRELAND,ไอร์แลนด์,เมตริกตัน,60.0,140.0,135360.0,346840.0,4669107.0,12019851.0
2017,4,BD,BANGLADESH,บังกลาเทศ,เมตริกตัน,24.6,164.03,44422.0,290236.0,1532284.0,10143229.0
2017,4,EC,ECUADOR,เอกวาดอร์,เมตริกตัน,40.32,120.96,88704.0,264345.0,3059755.0,9164789.0
2017,4,DZ,ALGERIA,แอลจีเรีย,เมตริกตัน,0.0,164.0,0.0,238210.0,0.0,8319624.0
2017,4,NZ,NEW ZEALAND,นิวซีแลนด์,เมตริกตัน,32.0,81.8,99759.0,188359.0,3441080.0,6548027.0
2017,4,CU,CUBA,คิวบา,เมตริกตัน,0.0,80.0,0.0,130791.0,0.0,4546100.0
2017,4,SD,SUDAN,ซูดาน,เมตริกตัน,52.49,68.89,90677.0,116425.0,3127813.0,4030282.0
2017,4,EE,ESTONIA,เอสโตเนีย,เมตริกตัน,40.0,40.0,104000.0,104000.0,3587376.0,3587376.0
2017,4,PT,PORTUGAL,โปรตุเกส,เมตริกตัน,40.0,60.0,67964.0,102234.0,2344349.0,3545515.0
2017,4,UY,URUGUAY,อุรุกวัย,เมตริกตัน,32.8,52.8,61645.0,92859.0,2126366.0,3211352.0
2017,4,CO,COLOMBIA,โคลัมเบีย,เมตริกตัน,16.4,35.6,24764.0,73820.0,854209.0,2602927.0
2017,4,DO,DOMINICAN REPUBLIC,สาธารณรัฐโดมินิกัน,เมตริกตัน,0.0,32.8,0.0,53129.0,0.0,1866506.0
2017,4,CZ,CZECH REPUBLIC,สาธารณรัฐเช็ก,เมตริกตัน,0.0,21.5,0.0,36378.0,0.0,1264444.0
2017,4,HR,CROATIA,โครเอเชีย,เมตริกตัน,0.0,19.2,0.0,35535.0,0.0,1235131.0
2017,5,CN,CHINA,จีน,เมตริกตัน,105419.41,731627.45,190055409.0,1405808426.0,6481136511.0,49002183397.0
2017,5,MY,MALAYSIA,มาเลเซีย,เมตริกตัน,48900.59,234245.45,67499016.0,336089047.0,2301804197.0,11691151495.0
2017,5,JP,JAPAN,ญี่ปุ่น,เมตริกตัน,21728.38,95000.39,51692967.0,223302394.0,1762797380.0,7760206068.0
2017,5,US,U.S.A.,สหรัฐอเมริกา,เมตริกตัน,17779.78,79223.8,36746918.0,169334606.0,1253117659.0,5887921116.0
2017,5,KR,S. KOREA,เกาหลีใต้,เมตริกตัน,10324.36,56018.0,19345706.0,111962058.0,659713723.0,3897163693.0
2017,5,BR,BRAZIL,บราซิล,เมตริกตัน,8185.14,33652.76,16089104.0,68877608.0,548659362.0,2393214551.0
2017,5,IN,INDIA,อินเดีย,เมตริกตัน,7566.28,27472.35,15429516.0,58230185.0,526166539.0,2021819330.0
2017,5,DE,GERMANY,เยอรมนี,เมตริกตัน,5438.54,24104.68,9377473.0,46834096.0,319784022.0,1630194534.0
2017,5,TR,TURKEY,ตุรกี,เมตริกตัน,4950.53,19742.39,9744622.0,39887296.0,332304291.0,1385158778.0
2017,5,FR,FRANCE,ฝรั่งเศส,เมตริกตัน,3039.79,17769.53,6675265.0,39336934.0,227635216.0,1369981606.0
2017,5,IT,ITALY,อิตาลี,เมตริกตัน,2890.66,15907.57,6276028.0,35638853.0,214020720.0,1240681370.0
2017,5,ES,SPAIN,สเปน,เมตริกตัน,2786.76,15509.9,6044880.0,34591241.0,206138275.0,1205436758.0
2017,5,VN,VIETNAM,เวียดนาม,เมตริกตัน,2764.71,14843.02,5485373.0,28970398.0,187058338.0,1005243925.0
2017,5,TW,TAIWAN,ไต้หวัน,เมตริกตัน,2275.56,12898.24,4928894.0,28836478.0,168081690.0,1004922428.0
2017,5,NL,NETHERLANDS,เนเธอร์แลนด์,เมตริกตัน,2198.96,13167.88,4398338.0,28270543.0,149989049.0,984686515.0
2017,5,CA,CANADA,แคนาดา,เมตริกตัน,2623.52,8981.87,5309180.0,19889739.0,181049926.0,691172639.0
2017,5,IR,IRAN,อิหร่าน,เมตริกตัน,1899.92,8585.94,3505175.0,16552778.0,119531032.0,576879840.0
2017,5,SI,SLOVENIA,สโลวีเนีย,เมตริกตัน,2239.16,8013.96,4213521.0,14903654.0,143686558.0,517090515.0
2017,5,PL,POLAND,โปแลนด์,เมตริกตัน,736.38,4915.0,1689354.0,11372528.0,57609174.0,395811754.0
2017,5,ID,INDONESIA,อินโดนีเซีย,เมตริกตัน,1401.4,7370.4,2137423.0,10993211.0,72888898.0,382683500.0
2017,5,SG,SINGAPORE,สิงคโปร์,เมตริกตัน,1060.48,4728.27,2106547.0,10244528.0,71835983.0,356854717.0
2017,5,BE,BELGIUM,เบลเยียม,เมตริกตัน,788.66,4783.6,1626777.0,9494374.0,55475196.0,330895848.0
2017,5,RU,RUSSIAN FEDERATION,รัสเซีย,เมตริกตัน,1160.28,4784.23,2048015.0,8963572.0,69839961.0,310906253.0
2017,5,RO,ROMANIA,โรมาเนีย,เมตริกตัน,1046.88,4152.12,1975335.0,8646202.0,67361480.0,299669030.0
2017,5,PK,PAKISTAN,ปากีสถาน,เมตริกตัน,978.3,5194.7,1454876.0,7787912.0,49613179.0,271654489.0
2017,5,LK,SRI LANKA,ศรีลังกา,เมตริกตัน,845.3,3700.35,1721515.0,6986155.0,58705906.0,243338695.0
2017,5,EG,EGYPT,อียิปต์,เมตริกตัน,852.45,3447.62,1349210.0,6593959.0,46009809.0,228757205.0
2017,5,LV,LATVIA,ลัตเวีย,เมตริกตัน,403.2,3165.12,720996.0,6488577.0,24586906.0,226606053.0
2017,5,GB,UNITED KINGDOM,สหราชอาณาจักร,เมตริกตัน,846.88,3201.92,1522030.0,6075959.0,51903199.0,211186380.0
2017,5,MX,MEXICO,เม็กซิโก,เมตริกตัน,1054.48,3264.16,1767756.0,5943351.0,60282764.0,205741553.0
2017,5,PH,PHILIPPINES,ฟิลิปปินส์,เมตริกตัน,226.2,2026.35,449372.0,4788775.0,15324160.0,166461148.0
2017,5,BG,BULGARIA,บัลแกเรีย,เมตริกตัน,317.52,2313.36,571566.0,4631680.0,19491140.0,161129297.0
2017,5,HK,HONG KONG,ฮ่องกง,เมตริกตัน,24.6,1672.78,38190.0,3180416.0,1302328.0,111934311.0
2017,5,ZA,SOUTH AFRICA,แอฟริกาใต้,เมตริกตัน,255.74,1365.84,566718.0,2755140.0,19325837.0,95908638.0
2017,5,AR,ARGENTINA,อาร์เจนตินา,เมตริกตัน,362.09,1042.3,630900.0,1894120.0,21514501.0,65745202.0
2017,5,SK,SLOVAK,สโลวัก,เมตริกตัน,241.92,866.89,408718.0,1682817.0,13937827.0,58302011.0
2017,5,GR,GREECE,กรีซ,เมตริกตัน,161.12,584.32,347766.0,1409381.0,11859256.0,48863641.0
2017,5,AE,U. ARAB EMIRATES,สหรัฐอาหรับเอมิเรตส์,เมตริกตัน,105.0,675.34,158550.0,1090389.0,5406761.0,38300885.0
2017,5,LA,LAOS,ลาว,เมตริกตัน,430.0,688.22,486437.0,839659.0,16588128.0,28799698.0
2017,5,ET,ETHIOPIA,เอธิโอเปีย,เมตริกตัน,16.4,359.2,28989.0,804758.0,988569.0,27775281.0
2017,5,KE,KENYA,เคนยา,เมตริกตัน,93.95,464.16,172680.0,772944.0,5888615.0,26869791.0
2017,5,KH,CAMBODIA,กัมพูชา,เมตริกตัน,52.89,473.96,77300.0,707825.0,2636030.0,24599102.0
2017,5,EC,ECUADOR,เอกวาดอร์,เมตริกตัน,262.08,383.04,439435.0,703781.0,14985321.0,24150110.0
2017,5,MM,MYANMAR,เมียนม่า,เมตริกตัน,0.0,383.49,0.0,687921.0,0.0,24003755.0
2017,5,SY,SYRIA,ซีเรีย,เมตริกตัน,156.8,387.2,241673.0,662320.0,8241375.0,22866855.0
2017,5,HU,HUNGARY,ฮังการี,เมตริกตัน,19.2,265.08,44160.0,580034.0,1505913.0,20027369.0
2017,5,PE,PERU,เปรู,เมตริกตัน,0.0,273.28,0.0,534499.0,0.0,18667436.0
2017,5,IE,IRELAND,ไอร์แลนด์,เมตริกตัน,20.0,160.0,44810.0,391651.0,1528093.0,13547944.0
2017,5,DZ,ALGERIA,แอลจีเรีย,เมตริกตัน,82.0,246.0,123000.0,361210.0,4194459.0,12514083.0
2017,5,BD,BANGLADESH,บังกลาเทศ,เมตริกตัน,25.93,189.96,41521.0,331757.0,1415926.0,11559155.0
2017,5,NZ,NEW ZEALAND,นิวซีแลนด์,เมตริกตัน,8.0,89.8,23905.0,212264.0,815191.0,7363218.0
2017,5,EE,ESTONIA,เอสโตเนีย,เมตริกตัน,40.0,80.0,92000.0,196000.0,3137319.0,6724695.0
2017,5,SD,SUDAN,ซูดาน,เมตริกตัน,16.0,84.89,25290.0,141715.0,862421.0,4892703.0
2017,5,PT,PORTUGAL,โปรตุเกส,เมตริกตัน,20.0,80.0,30800.0,133034.0,1050320.0,4595835.0
2017,5,CU,CUBA,คิวบา,เมตริกตัน,0.0,80.0,0.0,130791.0,0.0,4546100.0
2017,5,CO,COLOMBIA,โคลัมเบีย,เมตริกตัน,32.8,68.4,53137.0,126957.0,1812053.0,4414980.0
2017,5,UY,URUGUAY,อุรุกวัย,เมตริกตัน,20.0,72.8,32264.0,125123.0,1100244.0,4311596.0
2017,5,CZ,CZECH REPUBLIC,สาธารณรัฐเช็ก,เมตริกตัน,21.0,42.5,29669.0,66047.0,1011744.0,2276188.0
2017,5,AU,AUSTRALIA,ออสเตรเลีย,เมตริกตัน,20.16,36.56,30948.0,58458.0,1055367.0,2011589.0
2017,5,LT,LITHUANIA,ลิทัวเนีย,เมตริกตัน,40.0,40.0,58800.0,58800.0,2005156.0,2005156.0
2017,6,CN,CHINA,จีน,เมตริกตัน,101409.46,833036.92,165749821.0,1571558247.0,5666920077.0,54669103474.0
2017,6,MY,MALAYSIA,มาเลเซีย,เมตริกตัน,49252.4,283497.85,64713361.0,400802408.0,2212523935.0,13903675430.0
2017,6,JP,JAPAN,ญี่ปุ่น,เมตริกตัน,14682.3,109682.69,31616969.0,254919363.0,1080971516.0,8841177584.0
2017,6,US,U.S.A.,สหรัฐอเมริกา,เมตริกตัน,15286.24,94510.04,30968011.0,200302617.0,1058783898.0,6946705014.0
2017,6,KR,S. KOREA,เกาหลีใต้,เมตริกตัน,12690.54,68708.54,22506197.0,134468256.0,769477880.0,4666641573.0
2017,6,BR,BRAZIL,บราซิล,เมตริกตัน,6568.32,40221.08,12602933.0,81480541.0,430889241.0,2824103792.0
2017,6,IN,INDIA,อินเดีย,เมตริกตัน,4944.73,32417.08,9407110.0,67637296.0,321625339.0,2343444669.0
2017,6,DE,GERMANY,เยอรมนี,เมตริกตัน,4822.28,28926.96,7797945.0,54632041.0,266608606.0,1896803140.0
2017,6,TR,TURKEY,ตุรกี,เมตริกตัน,4825.71,24568.1,9052130.0,48939426.0,309488701.0,1694647479.0
2017,6,FR,FRANCE,ฝรั่งเศส,เมตริกตัน,2392.84,20162.37,4857623.0,44194557.0,166080185.0,1536061791.0
2017,6,IT,ITALY,อิตาลี,เมตริกตัน,2617.88,18525.45,5143265.0,40782118.0,175846172.0,1416527542.0
2017,6,ES,SPAIN,สเปน,เมตริกตัน,2709.05,18218.95,5308489.0,39899731.0,181495132.0,1386931890.0
2017,6,TW,TAIWAN,ไต้หวัน,เมตริกตัน,3794.68,16692.92,7565136.0,36401615.0,258648986.0,1263571414.0
2017,6,VN,VIETNAM,เวียดนาม,เมตริกตัน,3059.35,17902.37,5076348.0,34046746.0,173558307.0,1178802232.0
2017,6,NL,NETHERLANDS,เนเธอร์แลนด์,เมตริกตัน,2325.64,15493.52,4267456.0,32537998.0,145902607.0,1130589122.0
2017,6,CA,CANADA,แคนาดา,เมตริกตัน,1309.12,10290.99,2499630.0,22389369.0,85461359.0,776633998.0
2017,6,IR,IRAN,อิหร่าน,เมตริกตัน,1476.29,10062.23,2307039.0,18859817.0,78876737.0,655756577.0
2017,6,SI,SLOVENIA,สโลวีเนีย,เมตริกตัน,1110.28,9124.24,1787398.0,16691052.0,61110439.0,578200954.0
2017,6,PL,POLAND,โปแลนด์,เมตริกตัน,1424.74,6339.74,3029690.0,14402217.0,103583875.0,499395629.0
2017,6,ID,INDONESIA,อินโดนีเซีย,เมตริกตัน,1451.6,8822.0,2076254.0,13069465.0,70986294.0,453669794.0
2017,6,BE,BELGIUM,เบลเยียม,เมตริกตัน,1589.06,6372.66,2551815.0,12046188.0,87245522.0,418141370.0
2017,6,SG,SINGAPORE,สิงคโปร์,เมตริกตัน,349.5,5077.77,700709.0,10945237.0,23956944.0,380811661.0
2017,6,RU,RUSSIAN FEDERATION,รัสเซีย,เมตริกตัน,1061.97,5846.2,1699146.0,10662718.0,58093124.0,368999377.0
2017,6,RO,ROMANIA,โรมาเนีย,เมตริกตัน,764.64,4916.76,1453050.0,10099252.0,49679205.0,349348235.0
2017,6,LK,SRI LANKA,ศรีลังกา,เมตริกตัน,1651.52,5351.87,2815835.0,9801990.0,96272287.0,339610982.0
2017,6,PK,PAKISTAN,ปากีสถาน,เมตริกตัน,1241.0,6435.7,1778254.0,9566165.0,60797784.0,332452273.0
2017,6,LV,LATVIA,ลัตเวีย,เมตริกตัน,987.84,4152.96,1638591.0,8127168.0,56022757.0,282628810.0
2017,6,EG,EGYPT,อียิปต์,เมตริกตัน,896.47,4344.09,1476811.0,8070770.0,50491565.0,279248770.0
2017,6,MX,MEXICO,เม็กซิโก,เมตริกตัน,849.36,4113.52,1318582.0,7261932.0,45081777.0,250823330.0
2017,6,GB,UNITED KINGDOM,สหราชอาณาจักร,เมตริกตัน,387.28,3589.2,720933.0,6796892.0,24648417.0,235834797.0
2017,6,BG,BULGARIA,บัลแกเรีย,เมตริกตัน,584.32,2897.68,954885.0,5586565.0,32647140.0,193776437.0
2017,6,PH,PHILIPPINES,ฟิลิปปินส์,เมตริกตัน,117.2,2143.55,219337.0,5008112.0,7499048.0,173960196.0
2017,6,HK,HONG KONG,ฮ่องกง,เมตริกตัน,95.82,1768.6,153441.0,3333857.0,5246103.0,117180414.0
2017,6,ZA,SOUTH AFRICA,แอฟริกาใต้,เมตริกตัน,201.72,1567.56,368812.0,3123952.0,12609526.0,108518164.0
2017,6,SK,SLOVAK,สโลวัก,เมตริกตัน,504.0,1370.89,823219.0,2506035.0,28145514.0,86447525.0
2017,6,AR,ARGENTINA,อาร์เจนตินา,เมตริกตัน,283.47,1325.77,435492.0,2329612.0,14889290.0,80634492.0
2017,6,GR,GREECE,กรีซ,เมตริกตัน,158.06,742.38,299681.0,1709062.0,10245975.0,59109616.0
2017,6,LA,LAOS,ลาว,เมตริกตัน,951.26,1639.48,884632.0,1724290.0,30245211.0,59044909.0
2017,6,MM,MYANMAR,เมียนม่า,เมตริกตัน,447.5,830.99,422936.0,1110857.0,14460000.0,38463755.0
2017,6,AE,U. ARAB EMIRATES,สหรัฐอาหรับเอมิเรตส์,เมตริกตัน,0.0,675.34,0.0,1090389.0,0.0,38300885.0
2017,6,EC,ECUADOR,เอกวาดอร์,เมตริกตัน,241.92,624.96,395065.0,1098846.0,13507126.0,37657236.0
2017,6,SY,SYRIA,ซีเรีย,เมตริกตัน,114.8,502.0,181923.0,844243.0,6219887.0,29086742.0
2017,6,KH,CAMBODIA,กัมพูชา,เมตริกตัน,98.4,572.36,131047.0,838873.0,4480456.0,29079558.0
2017,6,KE,KENYA,เคนยา,เมตริกตัน,20.13,484.29,31287.0,804231.0,1069678.0,27939469.0
2017,6,ET,ETHIOPIA,เอธิโอเปีย,เมตริกตัน,0.0,359.2,0.0,804758.0,0.0,27775281.0
2017,6,PE,PERU,เปรู,เมตริกตัน,20.0,293.28,42200.0,576699.0,1442801.0,20110237.0
2017,6,HU,HUNGARY,ฮังการี,เมตริกตัน,0.0,265.08,0.0,580034.0,0.0,20027369.0
2017,6,DZ,ALGERIA,แอลจีเรีย,เมตริกตัน,138.58,384.58,215938.0,577147.0,7382832.0,19896915.0
2017,6,BD,BANGLADESH,บังกลาเทศ,เมตริกตัน,48.2,238.16,103507.0,435264.0,3538862.0,15098017.0
2017,6,IE,IRELAND,ไอร์แลนด์,เมตริกตัน,0.0,160.0,0.0,391651.0,0.0,13547944.0
2017,6,NZ,NEW ZEALAND,นิวซีแลนด์,เมตริกตัน,16.0,105.8,45191.0,257455.0,1545055.0,8908273.0
2017,6,PT,PORTUGAL,โปรตุเกส,เมตริกตัน,42.8,122.8,66247.0,199281.0,2264957.0,6860792.0
2017,6,EE,ESTONIA,เอสโตเนีย,เมตริกตัน,0.0,80.0,0.0,196000.0,0.0,6724695.0
2017,6,SD,SUDAN,ซูดาน,เมตริกตัน,16.4,101.29,25584.0,167299.0,874706.0,5767409.0
2017,6,CO,COLOMBIA,โคลัมเบีย,เมตริกตัน,16.4,84.8,25420.0,152377.0,869099.0,5284079.0
2017,6,CU,CUBA,คิวบา,เมตริกตัน,0.0,80.0,0.0,130791.0,0.0,4546100.0
2017,6,UY,URUGUAY,อุรุกวัย,เมตริกตัน,0.0,72.8,0.0,125123.0,0.0,4311596.0
2017,6,DO,DOMINICAN REPUBLIC,สาธารณรัฐโดมินิกัน,เมตริกตัน,36.56,69.36,63060.0,116188.0,2155984.0,4022490.0
2017,6,AU,AUSTRALIA,ออสเตรเลีย,เมตริกตัน,8.75,45.31,22305.0,80763.0,762599.0,2774188.0
2017,6,CZ,CZECH REPUBLIC,สาธารณรัฐเช็ก,เมตริกตัน,0.0,42.5,0.0,66047.0,0.0,2276188.0
2017,7,CN,CHINA,จีน,เมตริกตัน,111249.61,944286.52,160055611.0,1731613858.0,5397875468.0,60066978942.0
2017,7,MY,MALAYSIA,มาเลเซีย,เมตริกตัน,54243.99,337741.84,65164870.0,465967277.0,2197685226.0,16101360656.0
2017,7,JP,JAPAN,ญี่ปุ่น,เมตริกตัน,16600.39,126283.08,31826626.0,286745989.0,1073352971.0,9914530555.0
2017,7,US,U.S.A.,สหรัฐอเมริกา,เมตริกตัน,15209.96,109720.0,26630858.0,226933475.0,898125697.0,7844830711.0
2017,7,KR,S. KOREA,เกาหลีใต้,เมตริกตัน,9458.0,78166.54,14472767.0,148941023.0,488094077.0,5154735650.0
2017,7,BR,BRAZIL,บราซิล,เมตริกตัน,8300.11,48521.19,13874887.0,95355428.0,467930556.0,3292034348.0
2017,7,IN,INDIA,อินเดีย,เมตริกตัน,5634.53,38051.61,9678549.0,77315844.0,326409053.0,2669853722.0
2017,7,DE,GERMANY,เยอรมนี,เมตริกตัน,4735.92,33662.88,7054995.0,61687036.0,237929695.0,2134732835.0
2017,7,TR,TURKEY,ตุรกี,เมตริกตัน,3819.19,28387.29,6406182.0,55345609.0,216048502.0,1910695981.0
2017,7,FR,FRANCE,ฝรั่งเศส,เมตริกตัน,2870.05,23032.42,4892020.0,49086577.0,164983383.0,1701045174.0
2017,7,ES,SPAIN,สเปน,เมตริกตัน,3945.16,22164.11,6557891.0,46457622.0,221164873.0,1608096763.0
2017,7,IT,ITALY,อิตาลี,เมตริกตัน,2475.72,21001.17,4276602.0,45058720.0,144228399.0,1560755941.0
2017,7,TW,TAIWAN,ไต้หวัน,เมตริกตัน,3812.96,20505.88,6814276.0,43215891.0,229811469.0,1493382883.0
2017,7,VN,VIETNAM,เวียดนาม,เมตริกตัน,3143.19,21045.56,4595486.0,38642232.0,154982766.0,1333784998.0
2017,7,NL,NETHERLANDS,เนเธอร์แลนด์,เมตริกตัน,3194.52,18688.04,5143085.0,37681084.0,173450557.0,1304039679.0
2017,7,CA,CANADA,แคนาดา,เมตริกตัน,1172.0,11462.99,1982071.0,24371440.0,66845342.0,843479340.0
2017,7,IR,IRAN,อิหร่าน,เมตริกตัน,2971.65,13033.88,4285559.0,23145376.0,144530469.0,800287046.0
2017,7,SI,SLOVENIA,สโลวีเนีย,เมตริกตัน,1144.8,10269.04,1817836.0,18508889.0,61306534.0,639507488.0
2017,7,PL,POLAND,โปแลนด์,เมตริกตัน,933.1,7272.84,1815921.0,16218138.0,61241945.0,560637574.0
2017,7,ID,INDONESIA,อินโดนีเซีย,เมตริกตัน,1478.0,10300.01,2026865.0,15096330.0,68356016.0,522025810.0
2017,7,BE,BELGIUM,เบลเยียม,เมตริกตัน,1070.5,7443.16,1773220.0,13819408.0,59801840.0,477943210.0
2017,7,LK,SRI LANKA,ศรีลังกา,เมตริกตัน,2569.28,7921.15,3520536.0,13322526.0,118730073.0,458341055.0
2017,7,RU,RUSSIAN FEDERATION,รัสเซีย,เมตริกตัน,930.18,6776.38,1347410.0,12010128.0,45441401.0,414440778.0
2017,7,SG,SINGAPORE,สิงคโปร์,เมตริกตัน,284.0,5361.77,537561.0,11482798.0,18129244.0,398940905.0
2017,7,PK,PAKISTAN,ปากีสถาน,เมตริกตัน,1510.94,7946.64,1938855.0,11505020.0,65387889.0,397840162.0
2017,7,RO,ROMANIA,โรมาเนีย,เมตริกตัน,412.32,5329.08,728147.0,10827399.0,24556746.0,373904981.0
2017,7,LV,LATVIA,ลัตเวีย,เมตริกตัน,604.8,4757.76,918002.0,9045170.0,30959608.0,313588418.0
2017,7,EG,EGYPT,อียิปต์,เมตริกตัน,277.38,4621.47,379630.0,8450400.0,12803034.0,292051804.0
2017,7,MX,MEXICO,เม็กซิโก,เมตริกตัน,530.76,4644.28,766773.0,8028705.0,25859408.0,276682738.0
2017,7,GB,UNITED KINGDOM,สหราชอาณาจักร,เมตริกตัน,342.72,3931.92,500342.0,7297234.0,16874024.0,252708821.0
2017,7,BG,BULGARIA,บัลแกเรีย,เมตริกตัน,430.92,3328.6,659500.0,6246064.0,22241621.0,216018058.0
2017,7,LA,LAOS,ลาว,เมตริกตัน,4294.19,5933.67,4301840.0,6026130.0,145079541.0,204124450.0
2017,7,PH,PHILIPPINES,ฟิลิปปินส์,เมตริกตัน,246.2,2389.75,472203.0,5480315.0,15925039.0,189885235.0
2017,7,ZA,SOUTH AFRICA,แอฟริกาใต้,เมตริกตัน,393.1,1960.66,693626.0,3817577.0,23392526.0,131910690.0
2017,7,HK,HONG KONG,ฮ่องกง,เมตริกตัน,88.4,1857.0,135526.0,3469383.0,4570605.0,121751019.0
2017,7,SK,SLOVAK,สโลวัก,เมตริกตัน,282.24,1653.13,430886.0,2936922.0,14531634.0,100979159.0
2017,7,AR,ARGENTINA,อาร์เจนตินา,เมตริกตัน,391.38,1717.15,544379.0,2873990.0,18359166.0,98993658.0
2017,7,MM,MYANMAR,เมียนม่า,เมตริกตัน,1162.09,1993.08,1293327.0,2404183.0,43617437.0,82081192.0
2017,7,GR,GREECE,กรีซ,เมตริกตัน,35.55,777.93,62571.0,1771633.0,2110209.0,61219825.0
2017,7,EC,ECUADOR,เอกวาดอร์,เมตริกตัน,201.6,826.56,336067.0,1434913.0,11333865.0,48991101.0
2017,7,AE,U. ARAB EMIRATES,สหรัฐอาหรับเอมิเรตส์,เมตริกตัน,16.4,691.74,23042.0,1113431.0,777081.0,39077966.0
2017,7,KH,CAMBODIA,กัมพูชา,เมตริกตัน,220.58,792.94,270948.0,1109821.0,9137719.0,38217277.0
2017,7,SY,SYRIA,ซีเรีย,เมตริกตัน,137.2,639.2,166911.0,1011154.0,5629072.0,34715814.0
2017,7,KE,KENYA,เคนยา,เมตริกตัน,70.0,554.29,108600.0,912831.0,3662534.0,31602003.0
2017,7,ET,ETHIOPIA,เอธิโอเปีย,เมตริกตัน,16.4,375.6,19874.0,824632.0,670250.0,28445531.0
2017,7,DZ,ALGERIA,แอลจีเรีย,เมตริกตัน,144.09,528.67,201325.0,778472.0,6789680.0,26686595.0
2017,7,HU,HUNGARY,ฮังการี,เมตริกตัน,54.76,319.84,105612.0,685645.0,3561749.0,23589118.0
2017,7,PE,PERU,เปรู,เมตริกตัน,0.0,293.28,0.0,576699.0,0.0,20110237.0
2017,7,BD,BANGLADESH,บังกลาเทศ,เมตริกตัน,24.6,262.76,36496.0,471760.0,1230826.0,16328843.0
2017,7,KP,N. KOREA,เกาหลีเหนือ,เมตริกตัน,200.0,200.0,419706.0,419706.0,14154584.0,14154584.0
2017,7,IE,IRELAND,ไอร์แลนด์,เมตริกตัน,0.0,160.0,0.0,391651.0,0.0,13547944.0
2017,7,NZ,NEW ZEALAND,นิวซีแลนด์,เมตริกตัน,33.2,139.0,85327.0,342782.0,2877642.0,11785915.0
2017,7,EE,ESTONIA,เอสโตเนีย,เมตริกตัน,80.0,160.0,144000.0,340000.0,4856400.0,11581095.0
2017,7,PT,PORTUGAL,โปรตุเกส,เมตริกตัน,21.5,144.3,27605.0,226886.0,930992.0,7791784.0
2017,7,UY,URUGUAY,อุรุกวัย,เมตริกตัน,63.0,135.8,88483.0,213607.0,2984105.0,7295701.0
2017,7,CO,COLOMBIA,โคลัมเบีย,เมตริกตัน,32.8,117.6,47288.0,199665.0,1594786.0,6878865.0
2017,7,SD,SUDAN,ซูดาน,เมตริกตัน,20.09,121.38,26433.0,193732.0,891456.0,6658865.0
2017,7,CU,CUBA,คิวบา,เมตริกตัน,0.0,80.0,0.0,130791.0,0.0,4546100.0
2017,7,DO,DOMINICAN REPUBLIC,สาธารณรัฐโดมินิกัน,เมตริกตัน,0.0,69.36,0.0,116188.0,0.0,4022490.0
2017,7,CZ,CZECH REPUBLIC,สาธารณรัฐเช็ก,เมตริกตัน,21.5,64.0,36378.0,102425.0,1226848.0,3503036.0
2017,8,CN,CHINA,จีน,เมตริกตัน,150192.62,1094479.15,222955332.0,1954569189.0,7429250675.0,67496229617.0
2017,8,MY,MALAYSIA,มาเลเซีย,เมตริกตัน,52584.62,390326.46,58957764.0,524925042.0,1964572935.0,18065933591.0
2017,8,JP,JAPAN,ญี่ปุ่น,เมตริกตัน,17379.61,143662.69,31336944.0,318082933.0,1044200231.0,10958730786.0
2017,8,US,U.S.A.,สหรัฐอเมริกา,เมตริกตัน,14414.08,124134.08,24269627.0,251203102.0,808705243.0,8653535954.0
2017,8,KR,S. KOREA,เกาหลีใต้,เมตริกตัน,9614.87,87781.4,14889305.0,163830328.0,496136967.0,5650872617.0
2017,8,BR,BRAZIL,บราซิล,เมตริกตัน,6440.81,54962.0,10331900.0,105687328.0,344276477.0,3636310825.0
2017,8,IN,INDIA,อินเดีย,เมตริกตัน,8626.64,46678.25,14570141.0,91885985.0,485501868.0,3155355590.0
2017,8,DE,GERMANY,เยอรมนี,เมตริกตัน,5216.74,38879.62,8082037.0,69769072.0,269307197.0,2404040032.0
2017,8,TR,TURKEY,ตุรกี,เมตริกตัน,4043.2,32430.49,6349450.0,61695058.0,211574457.0,2122270438.0
2017,8,FR,FRANCE,ฝรั่งเศส,เมตริกตัน,3794.52,26826.94,6487448.0,55574025.0,216172795.0,1917217969.0
2017,8,ES,SPAIN,สเปน,เมตริกตัน,2852.26,25016.37,4903925.0,51361547.0,163407127.0,1771503890.0
2017,8,IT,ITALY,อิตาลี,เมตริกตัน,2642.6,23643.77,4557496.0,49616216.0,151863525.0,1712619466.0
2017,8,TW,TAIWAN,ไต้หวัน,เมตริกตัน,3041.52,23547.4,5299959.0,48515850.0,176603641.0,1669986524.0
2017,8,NL,NETHERLANDS,เนเธอร์แลนด์,เมตริกตัน,2745.34,21433.38,4100847.0,41781931.0,136647205.0,1440686884.0
2017,8,VN,VIETNAM,เวียดนาม,เมตริกตัน,2497.54,23543.1,3167738.0,41809970.0,105554415.0,1439339413.0
2017,8,CA,CANADA,แคนาดา,เมตริกตัน,1857.92,13320.91,3160913.0,27532353.0,105326983.0,948806323.0
2017,8,IR,IRAN,อิหร่าน,เมตริกตัน,2361.15,15395.03,3555476.0,26700852.0,118474504.0,918761550.0
2017,8,SI,SLOVENIA,สโลวีเนีย,เมตริกตัน,1334.9,11603.94,2164079.0,20672968.0,72110799.0,711618287.0
2017,8,PL,POLAND,โปแลนด์,เมตริกตัน,1367.04,8639.88,2369539.0,18587677.0,78957067.0,639594641.0
2017,8,ID,INDONESIA,อินโดนีเซีย,เมตริกตัน,1438.15,11738.16,2032435.0,17128765.0,67724180.0,589749990.0
2017,8,LK,SRI LANKA,ศรีลังกา,เมตริกตัน,1807.12,9728.27,2468333.0,15790859.0,82249043.0,540590098.0
2017,8,BE,BELGIUM,เบลเยียม,เมตริกตัน,809.11,8252.27,1286945.0,15106353.0,42883202.0,520826412.0
2017,8,RU,RUSSIAN FEDERATION,รัสเซีย,เมตริกตัน,1441.32,8217.7,1995042.0,14005169.0,66478181.0,480918959.0
2017,8,PK,PAKISTAN,ปากีสถาน,เมตริกตัน,1792.14,9738.78,2292653.0,13797674.0,76395105.0,474235267.0
2017,8,SG,SINGAPORE,สิงคโปร์,เมตริกตัน,507.07,5868.84,888686.0,12371484.0,29612532.0,428553437.0
2017,8,RO,ROMANIA,โรมาเนีย,เมตริกตัน,624.8,5953.88,1114291.0,11941690.0,37130064.0,411035045.0
2017,8,LA,LAOS,ลาว,เมตริกตัน,4978.63,10912.3,5352007.0,11378137.0,178337985.0,382462435.0
2017,8,LV,LATVIA,ลัตเวีย,เมตริกตัน,463.68,5221.44,715319.0,9760489.0,23835648.0,337424066.0
2017,8,EG,EGYPT,อียิปต์,เมตริกตัน,786.91,5408.38,1098706.0,9549106.0,36610754.0,328662558.0
2017,8,MX,MEXICO,เม็กซิโก,เมตริกตัน,598.0,5242.28,866075.0,8894780.0,28859084.0,305541822.0
2017,8,GB,UNITED KINGDOM,สหราชอาณาจักร,เมตริกตัน,684.42,4616.34,1058139.0,8355372.0,35258976.0,287967797.0
2017,8,BG,BULGARIA,บัลแกเรีย,เมตริกตัน,861.84,4190.44,1336565.0,7582630.0,44536633.0,260554691.0
2017,8,PH,PHILIPPINES,ฟิลิปปินส์,เมตริกตัน,270.48,2660.23,486972.0,5967288.0,16226747.0,206111982.0
2017,8,ZA,SOUTH AFRICA,แอฟริกาใต้,เมตริกตัน,245.26,2205.92,383286.0,4200864.0,12771751.0,144682441.0
2017,8,HK,HONG KONG,ฮ่องกง,เมตริกตัน,301.98,2158.98,434357.0,3903739.0,14473497.0,136224516.0
2017,8,SK,SLOVAK,สโลวัก,เมตริกตัน,262.08,1915.21,404164.0,3341086.0,13467431.0,114446590.0
2017,8,AR,ARGENTINA,อาร์เจนตินา,เมตริกตัน,314.15,2031.3,414242.0,3288233.0,13803264.0,112796922.0
2017,8,MM,MYANMAR,เมียนม่า,เมตริกตัน,778.0,2771.08,808833.0,3213017.0,26951705.0,109032897.0
2017,8,GR,GREECE,กรีซ,เมตริกตัน,120.96,898.89,223574.0,1995207.0,7449876.0,68669701.0
2017,8,EC,ECUADOR,เอกวาดอร์,เมตริกตัน,181.44,1008.0,288683.0,1723597.0,9619411.0,58610512.0
2017,8,AE,U. ARAB EMIRATES,สหรัฐอาหรับเอมิเรตส์,เมตริกตัน,241.6,933.34,389504.0,1502935.0,12978934.0,52056900.0
2017,8,KH,CAMBODIA,กัมพูชา,เมตริกตัน,93.07,886.01,114913.0,1224734.0,3829100.0,42046377.0
2017,8,SY,SYRIA,ซีเรีย,เมตริกตัน,39.2,678.4,47432.0,1058586.0,1580514.0,36296328.0
2017,8,KE,KENYA,เคนยา,เมตริกตัน,80.32,634.61,117584.0,1030415.0,3918098.0,35520101.0
2017,8,ET,ETHIOPIA,เอธิโอเปีย,เมตริกตัน,16.4,392.0,26401.0,851033.0,879732.0,29325263.0
2017,8,DZ,ALGERIA,แอลจีเรีย,เมตริกตัน,40.18,568.85,56654.0,835126.0,1887800.0,28574395.0
2017,8,PE,PERU,เปรู,เมตริกตัน,118.0,411.28,182235.0,758934.0,6072379.0,26182616.0
2017,8,HU,HUNGARY,ฮังการี,เมตริกตัน,14.76,334.6,20482.0,706128.0,682510.0,24271628.0
2017,8,BD,BANGLADESH,บังกลาเทศ,เมตริกตัน,73.8,336.56,97925.0,569685.0,3263012.0,19591855.0
2017,8,KP,N. KOREA,เกาหลีเหนือ,เมตริกตัน,0.0,200.0,0.0,419706.0,0.0,14154584.0
2017,8,IE,IRELAND,ไอร์แลนด์,เมตริกตัน,0.0,160.0,0.0,391651.0,0.0,13547944.0
2017,8,NZ,NEW ZEALAND,นิวซีแลนด์,เมตริกตัน,16.0,155.0,40528.0,383310.0,1350471.0,13136386.0
2017,8,PT,PORTUGAL,โปรตุเกส,เมตริกตัน,124.3,268.6,153556.0,380442.0,5116738.0,12908522.0
2017,8,EE,ESTONIA,เอสโตเนีย,เมตริกตัน,0.0,160.0,0.0,340000.0,0.0,11581095.0
2017,8,UY,URUGUAY,อุรุกวัย,เมตริกตัน,58.4,194.2,72059.0,285666.0,2401114.0,9696815.0
2017,8,CO,COLOMBIA,โคลัมเบีย,เมตริกตัน,32.8,150.4,43753.0,243418.0,1457924.0,8336789.0
2017,8,SD,SUDAN,ซูดาน,เมตริกตัน,3.0,124.38,8172.0,201904.0,272302.0,6931167.0
2017,8,CU,CUBA,คิวบา,เมตริกตัน,0.0,80.0,0.0,130791.0,0.0,4546100.0
2017,8,DO,DOMINICAN REPUBLIC,สาธารณรัฐโดมินิกัน,เมตริกตัน,0.0,69.36,0.0,116188.0,0.0,4022490.0
2017,8,CZ,CZECH REPUBLIC,สาธารณรัฐเช็ก,เมตริกตัน,0.0,64.0,0.0,102425.0,0.0,3503036.0
2017,9,CN,CHINA,จีน,เมตริกตัน,143684.7,1238163.84,217947461.0,2172516650.0,7195949518.0,74692179135.0
2017,9,MY,MALAYSIA,มาเลเซีย,เมตริกตัน,49939.51,440265.97,56699544.0,581624586.0,1872043187.0,19937976778.0
2017,9,JP,JAPAN,ญี่ปุ่น,เมตริกตัน,17983.95,161646.63,32361379.0,350444311.0,1068472400.0,12027203186.0
2017,9,US,U.S.A.,สหรัฐอเมริกา,เมตริกตัน,14757.29,138891.37,25135291.0,276338394.0,829889400.0,9483425354.0
2017,9,KR,S. KOREA,เกาหลีใต้,เมตริกตัน,8566.71,96348.11,13433241.0,177263569.0,443523961.0,6094396578.0
2017,9,BR,BRAZIL,บราซิล,เมตริกตัน,6967.44,61929.44,11210640.0,116897968.0,370140568.0,4006451393.0
2017,9,IN,INDIA,อินเดีย,เมตริกตัน,6531.57,53209.81,10929155.0,102815140.0,360846810.0,3516202400.0
2017,9,DE,GERMANY,เยอรมนี,เมตริกตัน,5201.78,44081.4,8170403.0,77939475.0,269761375.0,2673801407.0
2017,9,TR,TURKEY,ตุรกี,เมตริกตัน,3802.74,36233.23,5904021.0,67599079.0,194932470.0,2317202908.0
2017,9,FR,FRANCE,ฝรั่งเศส,เมตริกตัน,2885.84,29712.78,5052638.0,60626663.0,166822449.0,2084040418.0
2017,9,ES,SPAIN,สเปน,เมตริกตัน,2877.7,27894.07,4873442.0,56234989.0,160905946.0,1932409836.0
2017,9,TW,TAIWAN,ไต้หวัน,เมตริกตัน,3517.34,27064.74,6397734.0,54913584.0,211233347.0,1881219871.0
2017,9,IT,ITALY,อิตาลี,เมตริกตัน,2789.4,26433.17,4977815.0,54594031.0,164352019.0,1876971485.0
2017,9,NL,NETHERLANDS,เนเธอร์แลนด์,เมตริกตัน,2381.88,23815.26,3669080.0,45451011.0,121141644.0,1561828528.0
2017,9,VN,VIETNAM,เวียดนาม,เมตริกตัน,2227.45,25770.55,3023185.0,44833155.0,99816199.0,1539155612.0
2017,9,CA,CANADA,แคนาดา,เมตริกตัน,1770.72,15091.63,2963809.0,30496162.0,97855780.0,1046662103.0
2017,9,IR,IRAN,อิหร่าน,เมตริกตัน,1415.65,16810.68,1956417.0,28657269.0,64594810.0,983356360.0
2017,9,SI,SLOVENIA,สโลวีเนีย,เมตริกตัน,804.8,12408.74,1287363.0,21960331.0,42504740.0,754123027.0
2017,9,PL,POLAND,โปแลนด์,เมตริกตัน,1103.5,9743.38,1859965.0,20447642.0,61410272.0,701004913.0
2017,9,ID,INDONESIA,อินโดนีเซีย,เมตริกตัน,1442.09,13180.25,1937910.0,19066674.0,63983777.0,653733767.0
2017,9,LK,SRI LANKA,ศรีลังกา,เมตริกตัน,1809.4,11537.67,2626869.0,18417728.0,86731075.0,627321173.0
2017,9,LA,LAOS,ลาว,เมตริกตัน,5973.37,16885.67,6321593.0,17699731.0,208719408.0,591181843.0
2017,9,BE,BELGIUM,เบลเยียม,เมตริกตัน,1209.3,9461.57,1684229.0,16790582.0,55608018.0,576434430.0
2017,9,PK,PAKISTAN,ปากีสถาน,เมตริกตัน,1299.78,11038.56,1654492.0,15452166.0,54626209.0,528861476.0
2017,9,RU,RUSSIAN FEDERATION,รัสเซีย,เมตริกตัน,824.76,9042.46,1307918.0,15313087.0,43183405.0,524102364.0
2017,9,RO,ROMANIA,โรมาเนีย,เมตริกตัน,723.52,6677.4,1354062.0,13295752.0,44706941.0,455741986.0
2017,9,SG,SINGAPORE,สิงคโปร์,เมตริกตัน,375.6,6244.44,571909.0,12943393.0,18882675.0,447436112.0
2017,9,LV,LATVIA,ลัตเวีย,เมตริกตัน,1068.48,6289.92,1700345.0,11460834.0,56140112.0,393564178.0
2017,9,EG,EGYPT,อียิปต์,เมตริกตัน,825.23,6233.61,1186987.0,10736093.0,39190626.0,367853184.0
2017,9,MX,MEXICO,เม็กซิโก,เมตริกตัน,325.92,5568.2,499926.0,9394705.0,16506001.0,322047823.0
2017,9,GB,UNITED KINGDOM,สหราชอาณาจักร,เมตริกตัน,567.84,5184.18,992440.0,9347813.0,32767308.0,320735105.0
2017,9,BG,BULGARIA,บัลแกเรีย,เมตริกตัน,521.64,4712.08,877299.0,8459929.0,28965692.0,289520383.0
2017,9,PH,PHILIPPINES,ฟิลิปปินส์,เมตริกตัน,130.56,2790.79,237113.0,6204400.0,7828728.0,213940710.0
2017,9,ZA,SOUTH AFRICA,แอฟริกาใต้,เมตริกตัน,360.81,2566.73,578653.0,4779516.0,19105315.0,163787756.0
2017,9,MM,MYANMAR,เมียนม่า,เมตริกตัน,1083.25,3854.33,1250979.0,4463996.0,41303463.0,150336360.0
2017,9,HK,HONG KONG,ฮ่องกง,เมตริกตัน,253.6,2412.58,397375.0,4301115.0,13120107.0,149344623.0
2017,9,AR,ARGENTINA,อาร์เจนตินา,เมตริกตัน,326.54,2357.84,464799.0,3753032.0,15346220.0,128143142.0
2017,9,SK,SLOVAK,สโลวัก,เมตริกตัน,100.8,2016.01,155448.0,3496533.0,5132401.0,119578991.0
2017,9,GR,GREECE,กรีซ,เมตริกตัน,39.2,938.09,60762.0,2055969.0,2006171.0,70675872.0
2017,9,EC,ECUADOR,เอกวาดอร์,เมตริกตัน,40.32,1048.32,63693.0,1787290.0,2102961.0,60713473.0
2017,9,AE,U. ARAB EMIRATES,สหรัฐอาหรับเอมิเรตส์,เมตริกตัน,0.0,933.34,0.0,1502935.0,0.0,52056900.0
2017,9,KH,CAMBODIA,กัมพูชา,เมตริกตัน,154.98,1040.99,200879.0,1425613.0,6632406.0,48678783.0
2017,9,SY,SYRIA,ซีเรีย,เมตริกตัน,75.2,753.6,103552.0,1162138.0,3418965.0,39715293.0
2017,9,KE,KENYA,เคนยา,เมตริกตัน,20.0,654.61,25000.0,1055415.0,825422.0,36345523.0
2017,9,DZ,ALGERIA,แอลจีเรีย,เมตริกตัน,42.0,610.85,48300.0,883426.0,1594716.0,30169111.0
2017,9,ET,ETHIOPIA,เอธิโอเปีย,เมตริกตัน,0.0,392.0,0.0,851033.0,0.0,29325263.0
2017,9,PE,PERU,เปรู,เมตริกตัน,0.0,411.28,0.0,758934.0,0.0,26182616.0
2017,9,HU,HUNGARY,ฮังการี,เมตริกตัน,29.52,364.12,41498.0,747625.0,1370126.0,25641754.0
2017,9,BD,BANGLADESH,บังกลาเทศ,เมตริกตัน,16.4,352.96,23102.0,592787.0,762756.0,20354611.0
2017,9,NZ,NEW ZEALAND,นิวซีแลนด์,เมตริกตัน,16.0,171.0,41622.0,424932.0,1374236.0,14510622.0
2017,9,KP,N. KOREA,เกาหลีเหนือ,เมตริกตัน,0.0,200.0,0.0,419706.0,0.0,14154584.0
2017,9,PT,PORTUGAL,โปรตุเกส,เมตริกตัน,21.5,290.1,23650.0,404092.0,780849.0,13689371.0
2017,9,IE,IRELAND,ไอร์แลนด์,เมตริกตัน,0.0,160.0,0.0,391651.0,0.0,13547944.0
2017,9,EE,ESTONIA,เอสโตเนีย,เมตริกตัน,0.0,160.0,0.0,340000.0,0.0,11581095.0
2017,9,UY,URUGUAY,อุรุกวัย,เมตริกตัน,0.0,194.2,0.0,285666.0,0.0,9696815.0
2017,9,CO,COLOMBIA,โคลัมเบีย,เมตริกตัน,0.0,150.4,0.0,243418.0,0.0,8336789.0
2017,9,SD,SUDAN,ซูดาน,เมตริกตัน,16.4,140.78,20008.0,221912.0,660602.0,7591769.0
2017,9,CU,CUBA,คิวบา,เมตริกตัน,0.0,80.0,0.0,130791.0,0.0,4546100.0
2017,9,AU,AUSTRALIA,ออสเตรเลีย,เมตริกตัน,16.9,78.61,23107.0,124915.0,762920.0,4238335.0
2017,9,DO,DOMINICAN REPUBLIC,สาธารณรัฐโดมินิกัน,เมตริกตัน,0.0,69.36,0.0,116188.0,0.0,4022490.0
2017,10,CN,CHINA,จีน,เมตริกตัน,156050.41,1394214.25,242846564.0,2415363214.0,7974886880.0,82667066015.0
2017,10,MY,MALAYSIA,มาเลเซีย,เมตริกตัน,55393.9,495659.87,64357680.0,645982266.0,2113454715.0,22051431493.0
2017,10,JP,JAPAN,ญี่ปุ่น,เมตริกตัน,19446.97,181093.6,34785858.0,385230169.0,1142339756.0,13169542942.0
2017,10,US,U.S.A.,สหรัฐอเมริกา,เมตริกตัน,13785.08,152676.45,24693574.0,301031968.0,810917213.0,10294342567.0
2017,10,KR,S. KOREA,เกาหลีใต้,เมตริกตัน,7793.75,104141.85,12084161.0,189347730.0,396834167.0,6491230745.0
2017,10,BR,BRAZIL,บราซิล,เมตริกตัน,4778.92,66708.36,8240958.0,125138925.0,270626460.0,4277077853.0
2017,10,IN,INDIA,อินเดีย,เมตริกตัน,7096.44,60306.25,12224718.0,115039859.0,401449972.0,3917652372.0
2017,10,DE,GERMANY,เยอรมนี,เมตริกตัน,4616.16,48697.56,7296411.0,85235886.0,239608305.0,2913409712.0
2017,10,TR,TURKEY,ตุรกี,เมตริกตัน,4741.34,40974.56,7999333.0,75598412.0,262691680.0,2579894588.0
2017,10,FR,FRANCE,ฝรั่งเศส,เมตริกตัน,2501.8,32214.58,4433687.0,65060350.0,145598723.0,2229639141.0
2017,10,ES,SPAIN,สเปน,เมตริกตัน,2347.28,30241.35,4146941.0,60381930.0,136182218.0,2068592054.0
2017,10,TW,TAIWAN,ไต้หวัน,เมตริกตัน,2815.56,29880.3,4942865.0,59856448.0,162319717.0,2043539588.0
2017,10,IT,ITALY,อิตาลี,เมตริกตัน,2878.18,29311.35,4893392.0,59487423.0,160695082.0,2037666567.0
2017,10,VN,VIETNAM,เวียดนาม,เมตริกตัน,2985.96,28756.51,4005311.0,48838466.0,131531222.0,1670686834.0
2017,10,NL,NETHERLANDS,เนเธอร์แลนด์,เมตริกตัน,1444.72,25259.98,2492123.0,47943134.0,81839329.0,1643667857.0
2017,10,CA,CANADA,แคนาดา,เมตริกตัน,1409.44,16501.07,2563935.0,33060096.0,84197566.0,1130859669.0
2017,10,IR,IRAN,อิหร่าน,เมตริกตัน,1623.63,18434.31,2325584.0,30982853.0,76370322.0,1059726682.0
2017,10,LA,LAOS,ลาว,เมตริกตัน,7017.72,23903.39,6977899.0,24677630.0,229148631.0,820330474.0
2017,10,SI,SLOVENIA,สโลวีเนีย,เมตริกตัน,614.9,13023.64,949264.0,22909595.0,31173083.0,785296110.0
2017,10,PL,POLAND,โปแลนด์,เมตริกตัน,658.72,10402.1,1162676.0,21610318.0,38181356.0,739186269.0
2017,10,LK,SRI LANKA,ศรีลังกา,เมตริกตัน,2209.84,13747.52,3284483.0,21702211.0,107859786.0,735180959.0
2017,10,ID,INDONESIA,อินโดนีเซีย,เมตริกตัน,1872.84,15053.09,2425813.0,21492488.0,79661762.0,733395529.0
2017,10,BE,BELGIUM,เบลเยียม,เมตริกตัน,892.34,10353.91,1560008.0,18350591.0,51229428.0,627663858.0
2017,10,PK,PAKISTAN,ปากีสถาน,เมตริกตัน,1410.54,12449.1,1831012.0,17283178.0,60128964.0,588990440.0
2017,10,RU,RUSSIAN FEDERATION,รัสเซีย,เมตริกตัน,1040.59,10083.05,1611644.0,16924732.0,52925114.0,577027478.0
2017,10,RO,ROMANIA,โรมาเนีย,เมตริกตัน,825.92,7503.32,1551248.0,14846999.0,50941729.0,506683715.0
2017,10,SG,SINGAPORE,สิงคโปร์,เมตริกตัน,122.0,6366.44,183605.0,13126998.0,6029433.0,453465545.0
2017,10,LV,LATVIA,ลัตเวีย,เมตริกตัน,564.48,6854.4,932304.0,12393138.0,30616124.0,424180302.0
2017,10,EG,EGYPT,อียิปต์,เมตริกตัน,1052.37,7285.98,1560824.0,12296917.0,51256198.0,419109382.0
2017,10,GB,UNITED KINGDOM,สหราชอาณาจักร,เมตริกตัน,522.46,5706.64,817099.0,10164912.0,26832888.0,347567993.0
2017,10,MX,MEXICO,เม็กซิโก,เมตริกตัน,501.52,6069.72,769022.0,10163728.0,25254072.0,347301895.0
2017,10,BG,BULGARIA,บัลแกเรีย,เมตริกตัน,521.64,5233.72,900744.0,9360672.0,29579701.0,319100084.0
2017,10,PH,PHILIPPINES,ฟิลิปปินส์,เมตริกตัน,150.0,2940.79,270318.0,6474718.0,8877013.0,222817723.0
2017,10,MM,MYANMAR,เมียนม่า,เมตริกตัน,871.6,4725.93,929695.0,5393691.0,30530436.0,180866796.0
2017,10,ZA,SOUTH AFRICA,แอฟริกาใต้,เมตริกตัน,120.0,2686.73,202787.0,4982304.0,6659377.0,170447133.0
2017,10,HK,HONG KONG,ฮ่องกง,เมตริกตัน,138.59,2551.17,174791.0,4475906.0,5740007.0,155084630.0
2017,10,AR,ARGENTINA,อาร์เจนตินา,เมตริกตัน,352.7,2710.54,489020.0,4242051.0,16059021.0,144202163.0
2017,10,SK,SLOVAK,สโลวัก,เมตริกตัน,0.0,2016.01,0.0,3496533.0,0.0,119578991.0
2017,10,GR,GREECE,กรีซ,เมตริกตัน,17.27,955.36,22829.0,2078798.0,749685.0,71425557.0
2017,10,EC,ECUADOR,เอกวาดอร์,เมตริกตัน,181.44,1229.76,286621.0,2073911.0,9412395.0,70125868.0
2017,10,AE,U. ARAB EMIRATES,สหรัฐอาหรับเอมิเรตส์,เมตริกตัน,167.6,1100.94,241852.0,1744787.0,7942225.0,59999125.0
2017,10,KH,CAMBODIA,กัมพูชา,เมตริกตัน,164.0,1204.99,198304.0,1623917.0,6512152.0,55190935.0
2017,10,SY,SYRIA,ซีเรีย,เมตริกตัน,59.2,812.8,86692.0,1248829.0,2846882.0,42562175.0
2017,10,ET,ETHIOPIA,เอธิโอเปีย,เมตริกตัน,218.0,610.0,392932.0,1243965.0,12903585.0,42228848.0
2017,10,KE,KENYA,เคนยา,เมตริกตัน,20.0,674.61,24000.0,1079415.0,788140.0,37133663.0
2017,10,DZ,ALGERIA,แอลจีเรีย,เมตริกตัน,0.0,610.85,0.0,883426.0,0.0,30169111.0
2017,10,PE,PERU,เปรู,เมตริกตัน,40.0,451.28,70070.0,829004.0,2301041.0,28483657.0
2017,10,HU,HUNGARY,ฮังการี,เมตริกตัน,0.0,364.12,0.0,747625.0,0.0,25641754.0
2017,10,BD,BANGLADESH,บังกลาเทศ,เมตริกตัน,75.06,428.02,95522.0,688309.0,3136864.0,23491475.0
2017,10,NZ,NEW ZEALAND,นิวซีแลนด์,เมตริกตัน,24.0,195.0,62588.0,487520.0,2055326.0,16565948.0
2017,10,PT,PORTUGAL,โปรตุเกส,เมตริกตัน,64.3,354.4,79347.0,483439.0,2605691.0,16295062.0
2017,10,KP,N. KOREA,เกาหลีเหนือ,เมตริกตัน,0.0,200.0,0.0,419706.0,0.0,14154584.0
2017,10,IE,IRELAND,ไอร์แลนด์,เมตริกตัน,0.0,160.0,0.0,391651.0,0.0,13547944.0
2017,10,EE,ESTONIA,เอสโตเนีย,เมตริกตัน,0.0,160.0,0.0,340000.0,0.0,11581095.0
2017,10,UY,URUGUAY,อุรุกวัย,เมตริกตัน,16.4,210.6,22130.0,307796.0,726740.0,10423555.0
2017,10,CO,COLOMBIA,โคลัมเบีย,เมตริกตัน,0.0,150.4,0.0,243418.0,0.0,8336789.0
2017,10,SD,SUDAN,ซูดาน,เมตริกตัน,0.0,140.78,0.0,221912.0,0.0,7591769.0
2017,10,GE,GEORGIA,จอร์เจีย,เมตริกตัน,97.78,97.78,182220.0,182220.0,5983952.0,5983952.0
2017,10,AU,AUSTRALIA,ออสเตรเลีย,เมตริกตัน,20.16,98.77,25908.0,150823.0,850797.0,5089132.0
2017,10,CU,CUBA,คิวบา,เมตริกตัน,0.0,80.0,0.0,130791.0,0.0,4546100.0
2017,11,CN,CHINA,จีน,เมตริกตัน,178627.42,1572841.67,254995083.0,2670358297.0,8385742784.0,91052808799.0
2017,11,MY,MALAYSIA,มาเลเซีย,เมตริกตัน,62616.33,558276.2,62918921.0,708901187.0,2069145337.0,24120576830.0
2017,11,JP,JAPAN,ญี่ปุ่น,เมตริกตัน,18111.39,199204.99,31403026.0,416633195.0,1032716775.0,14202259717.0
2017,11,US,U.S.A.,สหรัฐอเมริกา,เมตริกตัน,16339.39,169015.84,25898723.0,326930690.0,851702804.0,11146045371.0
2017,11,KR,S. KOREA,เกาหลีใต้,เมตริกตัน,8602.88,112744.73,12629070.0,201976800.0,415318349.0,6906549094.0
2017,11,BR,BRAZIL,บราซิล,เมตริกตัน,4355.77,71064.13,7210600.0,132349525.0,237127070.0,4514204923.0
2017,11,IN,INDIA,อินเดีย,เมตริกตัน,5979.84,66286.09,9391228.0,124431086.0,308838969.0,4226491341.0
2017,11,DE,GERMANY,เยอรมนี,เมตริกตัน,3992.25,52689.81,6150246.0,91386132.0,202256379.0,3115666091.0
2017,11,TR,TURKEY,ตุรกี,เมตริกตัน,4100.69,45075.25,6309834.0,81908246.0,207504563.0,2787399151.0
2017,11,FR,FRANCE,ฝรั่งเศส,เมตริกตัน,3539.07,35753.65,5761806.0,70822156.0,189482169.0,2419121310.0
2017,11,ES,SPAIN,สเปน,เมตริกตัน,3801.38,34042.73,6281158.0,66663088.0,206561550.0,2275153604.0
2017,11,TW,TAIWAN,ไต้หวัน,เมตริกตัน,3464.24,33344.54,5472509.0,65328957.0,179968378.0,2223507966.0
2017,11,IT,ITALY,อิตาลี,เมตริกตัน,3089.8,32401.15,5145746.0,64633169.0,169222496.0,2206889063.0
2017,11,VN,VIETNAM,เวียดนาม,เมตริกตัน,3870.14,32626.65,4994306.0,53832773.0,164242257.0,1834929091.0
2017,11,NL,NETHERLANDS,เนเธอร์แลนด์,เมตริกตัน,2058.78,27318.76,3003792.0,50946926.0,98782392.0,1742450249.0
2017,11,LA,LAOS,ลาว,เมตริกตัน,17532.51,41435.9,17953464.0,42631094.0,590415838.0,1410746312.0
2017,11,CA,CANADA,แคนาดา,เมตริกตัน,1208.96,17710.03,1968732.0,35028828.0,64743524.0,1195603193.0
2017,11,IR,IRAN,อิหร่าน,เมตริกตัน,2278.99,20713.3,3211934.0,34194787.0,105627346.0,1165354028.0
2017,11,SI,SLOVENIA,สโลวีเนีย,เมตริกตัน,1001.86,14025.5,1290903.0,24200498.0,42452498.0,827748608.0
2017,11,LK,SRI LANKA,ศรีลังกา,เมตริกตัน,1380.8,15128.32,1827691.0,23529902.0,60105273.0,795286232.0
2017,11,ID,INDONESIA,อินโดนีเซีย,เมตริกตัน,1491.37,16544.46,1816309.0,23308797.0,59730959.0,793126488.0
2017,11,PL,POLAND,โปแลนด์,เมตริกตัน,635.34,11037.44,1028629.0,22638948.0,33827403.0,773013672.0
2017,11,BE,BELGIUM,เบลเยียม,เมตริกตัน,885.18,11239.09,1321440.0,19672031.0,43456749.0,671120607.0
2017,11,PK,PAKISTAN,ปากีสถาน,เมตริกตัน,1414.36,13863.46,1754056.0,19037234.0,57683714.0,646674154.0
2017,11,RU,RUSSIAN FEDERATION,รัสเซีย,เมตริกตัน,282.96,10366.01,393695.0,17318427.0,12947008.0,589974486.0
2017,11,RO,ROMANIA,โรมาเนีย,เมตริกตัน,704.0,8207.32,1092081.0,15939080.0,35914056.0,542597771.0
2017,11,LV,LATVIA,ลัตเวีย,เมตริกตัน,907.2,7761.6,1446473.0,13839611.0,47568563.0,471748865.0
2017,11,EG,EGYPT,อียิปต์,เมตริกตัน,997.93,8283.91,1474621.0,13771538.0,48494252.0,467603634.0
2017,11,SG,SINGAPORE,สิงคโปร์,เมตริกตัน,172.01,6538.45,254314.0,13381312.0,8363352.0,461828897.0
2017,11,MX,MEXICO,เม็กซิโก,เมตริกตัน,684.67,6754.39,987371.0,11151099.0,32470586.0,379772481.0
2017,11,GB,UNITED KINGDOM,สหราชอาณาจักร,เมตริกตัน,435.44,6142.08,487815.0,10652727.0,16042220.0,363610213.0
2017,11,BG,BULGARIA,บัลแกเรีย,เมตริกตัน,635.04,5868.76,1085633.0,10446305.0,35702003.0,354802087.0
2017,11,MM,MYANMAR,เมียนม่า,เมตริกตัน,3120.52,7846.45,3282606.0,8676297.0,107951458.0,288818254.0
2017,11,PH,PHILIPPINES,ฟิลิปปินส์,เมตริกตัน,230.06,3170.85,428325.0,6903043.0,14085866.0,236903589.0
2017,11,ZA,SOUTH AFRICA,แอฟริกาใต้,เมตริกตัน,236.2,2922.93,354916.0,5337219.0,11671725.0,182118858.0
2017,11,HK,HONG KONG,ฮ่องกง,เมตริกตัน,390.84,2942.02,579677.0,5055583.0,19063196.0,174147826.0
2017,11,AR,ARGENTINA,อาร์เจนตินา,เมตริกตัน,216.29,2926.83,283091.0,4525142.0,9309702.0,153511865.0
2017,11,SK,SLOVAK,สโลวัก,เมตริกตัน,0.0,2016.01,0.0,3496533.0,0.0,119578991.0
2017,11,GR,GREECE,กรีซ,เมตริกตัน,55.6,1010.96,80120.0,2158918.0,2634825.0,74060382.0
2017,11,AE,U. ARAB EMIRATES,สหรัฐอาหรับเอมิเรตส์,เมตริกตัน,250.0,1350.94,381738.0,2126525.0,12553810.0,72552935.0
2017,11,EC,ECUADOR,เอกวาดอร์,เมตริกตัน,0.0,1229.76,0.0,2073911.0,0.0,70125868.0
2017,11,KH,CAMBODIA,กัมพูชา,เมตริกตัน,223.45,1428.44,267613.0,1891530.0,8800691.0,63991626.0
2017,11,SY,SYRIA,ซีเรีย,เมตริกตัน,137.6,950.4,173264.0,1422093.0,5697927.0,48260102.0
2017,11,ET,ETHIOPIA,เอธิโอเปีย,เมตริกตัน,16.4,626.4,18332.0,1262298.0,602877.0,42831725.0
2017,11,KE,KENYA,เคนยา,เมตริกตัน,98.4,773.01,134344.0,1213758.0,4418021.0,41551684.0
2017,11,PE,PERU,เปรู,เมตริกตัน,118.0,569.28,189055.0,1018059.0,6217243.0,34700900.0
2017,11,HU,HUNGARY,ฮังการี,เมตริกตัน,161.28,525.4,263628.0,1011254.0,8669653.0,34311407.0
2017,11,DZ,ALGERIA,แอลจีเรีย,เมตริกตัน,102.0,712.85,123460.0,1006886.0,4060085.0,34229196.0
2017,11,BD,BANGLADESH,บังกลาเทศ,เมตริกตัน,57.4,485.42,76501.0,764809.0,2515801.0,26007276.0
2017,11,PT,PORTUGAL,โปรตุเกส,เมตริกตัน,62.8,417.2,74391.0,557830.0,2446429.0,18741491.0
2017,11,NZ,NEW ZEALAND,นิวซีแลนด์,เมตริกตัน,0.0,195.0,0.0,487520.0,0.0,16565948.0
2017,11,EE,ESTONIA,เอสโตเนีย,เมตริกตัน,60.0,220.0,102000.0,442000.0,3354361.0,14935456.0
2017,11,KP,N. KOREA,เกาหลีเหนือ,เมตริกตัน,0.0,200.0,0.0,419706.0,0.0,14154584.0
2017,11,IE,IRELAND,ไอร์แลนด์,เมตริกตัน,0.0,160.0,0.0,391651.0,0.0,13547944.0
2017,11,UY,URUGUAY,อุรุกวัย,เมตริกตัน,53.8,264.4,69582.0,377378.0,2288279.0,12711834.0
2017,11,CO,COLOMBIA,โคลัมเบีย,เมตริกตัน,20.09,170.49,25715.0,269133.0,845667.0,9182456.0
2017,11,SD,SUDAN,ซูดาน,เมตริกตัน,0.0,140.78,0.0,221912.0,0.0,7591769.0
2017,11,GE,GEORGIA,จอร์เจีย,เมตริกตัน,0.0,97.78,0.0,182220.0,0.0,5983952.0
2017,11,AU,AUSTRALIA,ออสเตรเลีย,เมตริกตัน,0.0,98.77,0.0,150823.0,0.0,5089132.0
2017,11,CU,CUBA,คิวบา,เมตริกตัน,0.0,80.0,0.0,130791.0,0.0,4546100.0
2017,12,CN,CHINA,จีน,เมตริกตัน,166829.45,1739671.12,239797984.0,2910156281.0,7805544284.0,98858353083.0
2017,12,MY,MALAYSIA,มาเลเซีย,เมตริกตัน,69648.43,627924.62,68733326.0,777634512.0,2237304119.0,26357880949.0
2017,12,JP,JAPAN,ญี่ปุ่น,เมตริกตัน,19272.58,218477.57,32467097.0,449100292.0,1056820238.0,15259079955.0
2017,12,US,U.S.A.,สหรัฐอเมริกา,เมตริกตัน,16616.48,185632.32,24805483.0,351736173.0,807430861.0,11953476232.0
2017,12,KR,S. KOREA,เกาหลีใต้,เมตริกตัน,10062.66,122807.39,13990292.0,215967092.0,455390996.0,7361940090.0
2017,12,BR,BRAZIL,บราซิล,เมตริกตัน,5738.62,76802.75,8356891.0,140706416.0,272020982.0,4786225905.0
2017,12,IN,INDIA,อินเดีย,เมตริกตัน,8131.88,74417.97,12137624.0,136568710.0,395085716.0,4621577057.0
2017,12,DE,GERMANY,เยอรมนี,เมตริกตัน,4583.26,57273.07,6632294.0,98018426.0,215884477.0,3331550568.0
2017,12,TR,TURKEY,ตุรกี,เมตริกตัน,4133.93,49209.18,6007933.0,87916178.0,195561219.0,2982960370.0
2017,12,FR,FRANCE,ฝรั่งเศส,เมตริกตัน,4365.64,40119.29,6439075.0,77261231.0,209595103.0,2628716413.0
2017,12,ES,SPAIN,สเปน,เมตริกตัน,2978.86,37021.59,4370405.0,71033493.0,142258852.0,2417412456.0
2017,12,TW,TAIWAN,ไต้หวัน,เมตริกตัน,3444.24,36788.78,5223606.0,70552563.0,170030987.0,2393538953.0
2017,12,IT,ITALY,อิตาลี,เมตริกตัน,3384.58,35785.73,4992648.0,69625817.0,162513174.0,2369402237.0
2017,12,VN,VIETNAM,เวียดนาม,เมตริกตัน,4440.68,37067.33,5565927.0,59398699.0,181173697.0,2016102788.0
2017,12,LA,LAOS,ลาว,เมตริกตัน,15689.25,57125.15,16990415.0,59621510.0,553046516.0,1963792828.0
2017,12,NL,NETHERLANDS,เนเธอร์แลนด์,เมตริกตัน,3169.96,30488.72,4598431.0,55545357.0,149681233.0,1892131482.0
2017,12,CA,CANADA,แคนาดา,เมตริกตัน,2583.68,20293.71,3593507.0,38622335.0,116970452.0,1312573645.0
2017,12,IR,IRAN,อิหร่าน,เมตริกตัน,1463.29,22176.59,1922827.0,36117613.0,62588967.0,1227942995.0
2017,12,LK,SRI LANKA,ศรีลังกา,เมตริกตัน,1780.4,16908.72,2519882.0,26049784.0,82023422.0,877309654.0
2017,12,SI,SLOVENIA,สโลวีเนีย,เมตริกตัน,1041.36,15066.86,1157598.0,25358097.0,37680409.0,865429017.0
2017,12,ID,INDONESIA,อินโดนีเซีย,เมตริกตัน,1474.8,18019.26,1859505.0,25168302.0,60527830.0,853654318.0
2017,12,PL,POLAND,โปแลนด์,เมตริกตัน,1256.2,12293.64,1998884.0,24637832.0,65064689.0,838078361.0
2017,12,BE,BELGIUM,เบลเยียม,เมตริกตัน,1049.35,12288.44,1408365.0,21080396.0,45842990.0,716963597.0
2017,12,PK,PAKISTAN,ปากีสถาน,เมตริกตัน,1794.4,15657.86,2151790.0,21189024.0,70041854.0,716716008.0
2017,12,RU,RUSSIAN FEDERATION,รัสเซีย,เมตริกตัน,924.18,11290.19,1161633.0,18480060.0,37811735.0,627786221.0
2017,12,RO,ROMANIA,โรมาเนีย,เมตริกตัน,757.72,8965.04,687733.0,16626813.0,22386061.0,564983832.0
2017,12,LV,LATVIA,ลัตเวีย,เมตริกตัน,685.44,8447.04,921366.0,14760977.0,29990936.0,501739801.0
2017,12,EG,EGYPT,อียิปต์,เมตริกตัน,564.12,8848.03,744231.0,14515770.0,24225103.0,491828737.0
2017,12,SG,SINGAPORE,สิงคโปร์,เมตริกตัน,0.0,6538.45,1.0,13381313.0,32.0,461828929.0
2017,12,MM,MYANMAR,เมียนม่า,เมตริกตัน,3755.89,11602.34,3977644.0,12653941.0,129474300.0,418292554.0
2017,12,MX,MEXICO,เม็กซิโก,เมตริกตัน,670.52,7424.91,913793.0,12064892.0,29744417.0,409516898.0
2017,12,BG,BULGARIA,บัลแกเรีย,เมตริกตัน,1111.32,6980.08,1674830.0,12121134.0,54516541.0,409318628.0
2017,12,GB,UNITED KINGDOM,สหราชอาณาจักร,เมตริกตัน,499.94,6642.02,573032.0,11225759.0,18652485.0,382262698.0
2017,12,PH,PHILIPPINES,ฟิลิปปินส์,เมตริกตัน,318.8,3489.65,499985.0,7403028.0,16274753.0,253178342.0
2017,12,ZA,SOUTH AFRICA,แอฟริกาใต้,เมตริกตัน,146.19,3069.12,203828.0,5541048.0,6634713.0,188753571.0
2017,12,HK,HONG KONG,ฮ่องกง,เมตริกตัน,120.39,3062.4,166653.0,5222236.0,5424645.0,179572471.0
2017,12,AR,ARGENTINA,อาร์เจนตินา,เมตริกตัน,294.37,3221.2,365433.0,4890576.0,11895039.0,165406904.0
2017,12,SK,SLOVAK,สโลวัก,เมตริกตัน,0.0,2016.01,0.0,3496533.0,0.0,119578991.0
2017,12,AE,U. ARAB EMIRATES,สหรัฐอาหรับเอมิเรตส์,เมตริกตัน,854.0,2204.94,1199763.0,3326288.0,39052873.0,111605808.0
2017,12,GR,GREECE,กรีซ,เมตริกตัน,80.48,1091.44,131053.0,2289971.0,4265845.0,78326227.0
2017,12,EC,ECUADOR,เอกวาดอร์,เมตริกตัน,40.32,1270.08,59395.0,2133306.0,1933349.0,72059217.0
2017,12,KH,CAMBODIA,กัมพูชา,เมตริกตัน,131.2,1559.64,149192.0,2040722.0,4856266.0,68847892.0
2017,12,ET,ETHIOPIA,เอธิโอเปีย,เมตริกตัน,218.0,844.4,345068.0,1607366.0,11232135.0,54063860.0
2017,12,SY,SYRIA,ซีเรีย,เมตริกตัน,78.4,1028.8,89730.0,1511823.0,2920756.0,51180858.0
2017,12,KE,KENYA,เคนยา,เมตริกตัน,20.0,793.01,24000.0,1237758.0,781212.0,42332896.0
2017,12,DZ,ALGERIA,แอลจีเรีย,เมตริกตัน,20.09,732.94,28327.0,1035213.0,922054.0,35151250.0
2017,12,PE,PERU,เปรู,เมตริกตัน,0.0,569.28,0.0,1018059.0,0.0,34700900.0
2017,12,HU,HUNGARY,ฮังการี,เมตริกตัน,0.0,525.4,0.0,1011254.0,0.0,34311407.0
2017,12,BD,BANGLADESH,บังกลาเทศ,เมตริกตัน,89.2,574.62,119431.0,884241.0,3887550.0,29894826.0
2017,12,PT,PORTUGAL,โปรตุเกส,เมตริกตัน,21.3,438.5,24035.0,581865.0,782348.0,19523839.0
2017,12,NZ,NEW ZEALAND,นิวซีแลนด์,เมตริกตัน,16.0,211.0,40321.0,527841.0,1312468.0,17878416.0
2017,12,EE,ESTONIA,เอสโตเนีย,เมตริกตัน,0.0,220.0,0.0,442000.0,0.0,14935456.0
2017,12,KP,N. KOREA,เกาหลีเหนือ,เมตริกตัน,0.0,200.0,0.0,419706.0,0.0,14154584.0
2017,12,IE,IRELAND,ไอร์แลนด์,เมตริกตัน,0.0,160.0,0.0,391651.0,0.0,13547944.0
2017,12,UY,URUGUAY,อุรุกวัย,เมตริกตัน,17.68,282.08,21298.0,398676.0,693260.0,13405094.0
2017,12,CO,COLOMBIA,โคลัมเบีย,เมตริกตัน,0.0,170.49,0.0,269133.0,0.0,9182456.0
2017,12,SD,SUDAN,ซูดาน,เมตริกตัน,20.09,160.87,24876.0,246788.0,809738.0,8401507.0
2017,12,RS,REPUBLIC OF SERBIA,เซอร์เบีย,เมตริกตัน,90.72,152.48,135353.0,232563.0,4405818.0,7654286.0
2017,12,AU,AUSTRALIA,ออสเตรเลีย,เมตริกตัน,32.8,131.57,40657.0,191480.0,1323412.0,6412544.0
2017,12,GE,GEORGIA,จอร์เจีย,เมตริกตัน,0.0,97.78,0.0,182220.0,0.0,5983952.0
